date,snowfall,temperature,visibility
2020-07-01,0.0,22.718384433745534,7.861757432576329
2020-07-02,0.0,11.71171684517377,14.433648722176779
2020-07-03,0.0,20.23967624155398,12.333730051054719
2020-07-04,0.0,15.184922806876797,16.847636554658784
2020-07-05,0.0,20.009853082295685,8.372639561489596
2020-07-06,0.0,23.15903835259438,13.705915790895494
2020-07-07,0.0,17.50730329441278,5.196523047890304
2020-07-08,0.0,23.15886870795798,19.54680639326392
2020-07-09,0.0,15.349352817808771,19.30914258649725
2020-07-10,0.0,15.900844552205832,13.019992155317526
2020-07-11,0.0,18.722445083349932,5.537290118927757
2020-07-12,0.0,21.73288467343295,7.421467089462714
2020-07-13,0.0,22.375050255249512,7.086975405667459
2020-07-14,0.0,10.32405683791983,8.524230400824134
2020-07-15,0.0,11.340281377637256,19.22088490486983
2020-07-16,0.0,14.911222693798795,9.393048643277645
2020-07-17,0.0,18.10269485230692,7.058810259160618
2020-07-18,0.0,17.578015665321374,11.91799649196384
2020-07-19,0.0,15.566729483041222,10.077188083372452
2020-07-20,0.0,18.69092811201696,17.935324969949725
2020-07-21,0.0,13.805687534716702,5.363026091358852
2020-07-22,0.0,23.175717542694333,19.124737738314067
2020-07-23,0.0,20.933832091462833,8.866214053624804
2020-07-24,0.0,24.47455017196778,17.298955291340945
2020-07-25,0.0,14.559223812724873,16.274418731334116
2020-07-26,0.0,24.872253553570054,18.811966544593915
2020-07-27,0.0,24.352596293416852,11.061761837032087
2020-07-28,0.0,11.048937631824465,19.33142444187988
2020-07-29,0.0,21.069996871652734,6.245993206356388
2020-07-30,0.0,17.298624056050215,12.577223990869037
2020-07-31,0.0,24.839209872706007,15.389483659279756
2020-08-01,0.0,15.377882115665003,7.987477596979406
2020-08-02,0.0,18.431992095216163,17.61593902747896
2020-08-03,0.0,16.03987930244384,15.278872244776396
2020-08-04,0.0,23.257129357961794,11.649602295820594
2020-08-05,0.0,22.45375702121341,5.901802859971719
2020-08-06,0.0,13.422738450457576,12.909262292107059
2020-08-07,0.0,13.218467447567633,19.92120564707353
2020-08-08,0.0,21.576148012998285,8.31103139600016
2020-08-09,0.0,12.403353421292113,10.607586253433446
2020-08-10,0.0,24.384881435236,9.747445344166358
2020-08-11,0.0,12.890821472866175,14.915609119339756
2020-08-12,0.0,10.93702716505324,17.27410033660423
2020-08-13,0.0,20.70162069334455,8.972826818338747
2020-08-14,0.0,22.70339363896883,5.754311446905542
2020-08-15,0.0,20.360979743138742,6.938492199494052
2020-08-16,0.0,14.554743358077555,15.54467190436172
2020-08-17,0.0,15.352336646552935,16.200812295910932
2020-08-18,0.0,20.321965624270568,6.586969984298652
2020-08-19,0.0,18.204634223474084,14.523730279704106
2020-08-20,0.0,11.755833186323596,19.955813158038772
2020-08-21,0.0,18.290667701612946,16.0706027605031
2020-08-22,0.0,13.08814100719574,8.474836842781686
2020-08-23,0.0,16.13740442528285,10.665472202037929
2020-08-24,0.0,11.847594499009485,11.645537189118546
2020-08-25,0.0,24.25410718198401,12.384354375227879
2020-08-26,0.0,22.369348529441083,6.354670972843893
2020-08-27,0.0,11.146987685782326,11.540963398013648
2020-08-28,0.0,17.439388415307192,7.129958868583568
2020-08-29,0.0,19.771213259572175,15.617378501914432
2020-08-30,0.0,16.915681492131107,14.093513392081297
2020-08-31,0.0,11.743544607983639,14.037833836030536
2020-09-01,0.0,5.3777330344311665,13.016819803525873
2020-09-02,0.0,5.927604025215563,16.91217000155973
2020-09-03,0.0,11.027606134887446,17.043888961938197
2020-09-04,0.0,13.564485987724606,9.043940645755281
2020-09-05,0.0,8.335276450778426,18.703217581700994
2020-09-06,0.0,14.929765250927806,11.197428967726609
2020-09-07,0.0,9.211735331317433,18.16822678494983
2020-09-08,0.0,6.218833511149027,11.175077691421386
2020-09-09,0.0,10.892891634081078,9.475206678482351
2020-09-10,0.0,9.370453885604945,17.60321968354659
2020-09-11,0.0,12.7064318625179,14.231514477080339
2020-09-12,0.0,14.615566843862332,6.042094732980629
2020-09-13,0.0,7.192109504396241,9.360204865970239
2020-09-14,0.0,10.350837103258739,14.542271941674613
2020-09-15,0.0,6.283164186182896,17.51696424991916
2020-09-16,0.0,13.248546956919146,6.776155369065773
2020-09-17,0.0,8.435162710284446,12.104664231089963
2020-09-18,0.0,13.513564975950153,17.51470844499806
2020-09-19,0.0,11.622065275835391,5.750659113091256
2020-09-20,0.0,7.575762964695735,8.888144834590344
2020-09-21,0.0,6.640654001628841,11.464357895436375
2020-09-22,0.0,5.33078684745766,7.984172713910993
2020-09-23,0.0,6.130672363916946,12.807756624886272
2020-09-24,0.0,8.482278792737603,15.469538717961546
2020-09-25,0.0,12.429931397291572,5.786953557879106
2020-09-26,0.0,9.45024970823113,12.412609841610433
2020-09-27,0.0,9.558923163921113,5.767099820945493
2020-09-28,0.0,6.335551317881146,12.942095207358609
2020-09-29,0.0,5.178244686151964,16.10995200496913
2020-09-30,0.0,14.281790580350759,5.5809927213429535
2020-10-01,0.0,9.403451988464834,12.09986888318889
2020-10-02,0.0,13.130083668625696,16.38372086443585
2020-10-03,0.0,9.260786177088836,7.456317221092155
2020-10-04,0.0,9.498624104397475,8.272716433663525
2020-10-05,0.0,11.186686582303762,14.085497505360827
2020-10-06,0.0,10.637989478145098,10.178932078950963
2020-10-07,0.0,5.433310673312372,11.925236579775312
2020-10-08,0.0,10.059158649223487,14.4410514191277
2020-10-09,0.0,5.141273377468564,19.21517967770678
2020-10-10,0.0,7.261446537271229,8.738563613237584
2020-10-11,0.0,13.60879916780535,12.913994276682248
2020-10-12,0.0,8.222774376946406,17.51986014192665
2020-10-13,0.0,6.352717744318549,12.689174815209673
2020-10-14,0.0,9.405214171107492,15.28663986000008
2020-10-15,0.0,14.086920096054946,10.503417495941513
2020-10-16,0.0,8.492050040438972,15.359698923722165
2020-10-17,0.0,6.386476763839591,12.158439700890874
2020-10-18,0.0,5.386164394699973,13.580140114067795
2020-10-19,0.0,10.394571539019665,7.619189126144693
2020-10-20,0.0,9.627830379663116,5.270841607771132
2020-10-21,0.0,11.639703773289337,11.088328813877371
2020-10-22,0.0,10.312676177389246,8.366630933266109
2020-10-23,0.0,10.275816062435563,13.85017866580472
2020-10-24,0.0,5.417921181428054,16.565680533667553
2020-10-25,0.0,13.314310640960679,14.00365618191328
2020-10-26,0.0,13.083124997596801,11.53743958729504
2020-10-27,0.0,9.121303772526305,17.339174451235984
2020-10-28,0.0,5.400042939910313,6.663392023238997
2020-10-29,0.0,14.772957794163627,15.030378274555682
2020-10-30,0.0,13.31921309506778,7.9414979379992054
2020-10-31,0.0,14.080954608261573,19.77876605879659
2020-11-01,7.979381972695736,9.611990937647434,1.4356179336380834
2020-11-02,5.8802564248959595,0.5603072773226057,3.5897171959108363
2020-11-03,9.617252797146044,6.926781863367374,3.963458477326798
2020-11-04,8.161869491611345,-0.7043889948744191,3.9085949773425104
2020-11-05,9.654892508918508,-0.8922208048807523,1.0450655230686903
2020-11-06,4.563122656538527,9.217671646937934,3.213403630532303
2020-11-07,0.8368947033549468,-0.07897352287652382,1.1439317901516675
2020-11-08,5.468504516823174,8.85351020349747,1.777555582391713
2020-11-09,2.378554845231051,4.817425616652892,1.3319375272911227
2020-11-10,2.2167174243865606,4.620162857009657,1.2572571975123341
2020-11-11,15.275021618567358,9.059516768261231,4.429986942055154
2020-11-12,9.300628353663134,2.5219571278225796,3.107394559504674
2020-11-13,11.863089761574168,-1.3229629334693156,1.393717513818753
2020-11-14,13.878955541924041,1.4795619680849592,2.790448514472247
2020-11-15,0.2687939106370152,9.173109526079438,2.184314434057494
2020-11-16,9.723726870329134,5.501238201612399,2.178472305707293
2020-11-17,11.887503651309776,9.73067661555184,3.4777013037802185
2020-11-18,9.836569669556031,3.9466730484507515,2.247403336458509
2020-11-19,19.97162488603086,-1.1864997906202253,1.3610071552918854
2020-11-20,2.5937836730056096,8.865489736713116,3.553854287311211
2020-11-21,9.246068340408495,6.71647429003256,1.6361093749847395
2020-11-22,7.494732179905023,-0.2705932138360758,4.9882774416814835
2020-11-23,16.901500621103644,-1.7821437042076398,1.5486815344582197
2020-11-24,14.914121118242784,-0.9743605076098447,4.454156623976994
2020-11-25,8.954120185339772,3.7591244758368685,3.0488707721178576
2020-11-26,7.809592893375341,7.174945008055003,2.167791070043756
2020-11-27,8.916933618395447,0.42736430542737214,2.42243609363346
2020-11-28,6.759292900778238,6.596911408224303,4.087570372712142
2020-11-29,19.224514463801142,1.0600617236981194,2.0746526913464756
2020-11-30,11.71349732654022,6.48936704146109,1.3620589010542572
2020-12-01,8.07266681132245,-6.146404592425922,1.9053440830290174
2020-12-02,34.166237657921755,-2.523132351129739,0.11018696644165539
2020-12-03,13.832117439685959,-15.954994867175703,3.9206085644574658
2020-12-04,41.1657589698873,-6.834520714434028,0.3050438600287082
2020-12-05,31.262407862063963,-14.289587851669047,0.5382299248919973
2020-12-06,15.935994869600373,-14.531833219381538,3.2131379999144927
2020-12-07,39.43953468655207,-1.7564178033233944,0.8101989364048946
2020-12-08,10.00657946798703,-10.064450064360734,3.0975051606124255
2020-12-09,33.39979376989823,-19.303185341774128,0.9025290865613044
2020-12-10,6.855552129134251,-5.899788781204771,2.16121171140117
2020-12-11,25.07662795725239,-6.761508158357959,0.7120170983976337
2020-12-12,2.9949924066769276,-4.690519761567661,4.349331877393707
2020-12-13,42.668059829667996,-1.207926773418425,0.21358953263107
2020-12-14,44.793938659381006,-14.515297416864914,0.2270562720290955
2020-12-15,43.5343202738705,-16.714618856525302,0.44972068131607545
2020-12-16,39.88818765412087,-0.13620692604093065,0.36050187641420284
2020-12-17,43.36954884833197,-2.2700924837068612,0.28698627982454394
2020-12-18,26.67253817139232,-4.268959640109028,0.5695066556988566
2020-12-19,2.7787807330629355,-12.89206833399577,2.994052663948033
2020-12-20,30.635256999382054,-4.40594403776281,0.8183436411861597
2020-12-21,3.954917958634624,-16.029544394225162,4.217643658243489
2020-12-22,42.286644850544434,-17.49634413875664,0.4355822348515058
2020-12-23,32.56486566971692,-6.136031763456767,0.6359874973316623
2020-12-24,14.713777125198813,-7.333319734693312,1.857308514612109
2020-12-25,31.75648248805964,-7.7400155822792644,0.24373574651628718
2020-12-26,10.334620348468388,-1.9754638369273287,1.76453390111209
2020-12-27,23.029074317023664,-14.936882645935267,0.717150067550758
2020-12-28,31.84655932737644,-19.16161165977348,0.9310013616559257
2020-12-29,30.016990752199778,-3.057212752355486,0.9929825838414612
2020-12-30,42.61332864437971,-1.5348932548279421,0.9448020704279447
2020-12-31,16.565814772315946,-14.521331404323481,3.9203744282771664
2021-01-01,15.203163917909452,-8.874613080740163,4.803146828664969
2021-01-02,19.25231984816379,-10.17992866223571,2.7121904587820143
2021-01-03,36.34867290066908,-0.4673695626631549,0.50899307830134
2021-01-04,44.32835836934175,-12.97599200566941,0.22313836577356827
2021-01-05,2.2595987607310466,-9.704596155188533,3.619615322204484
2021-01-06,7.898492638336169,-15.542824531192004,4.811563767905385
2021-01-07,10.700194975403644,-13.463220754034229,4.218445390761195
2021-01-08,1.306947564044203,-6.082584578746179,2.7492343961387076
2021-01-09,33.34396329887917,-15.050037487293329,0.26278301280663324
2021-01-10,34.2759893797713,-6.053206439870884,0.740452269564608
2021-01-11,10.155681739484013,-5.576180921200649,1.5978067387246164
2021-01-12,41.79831051902994,-4.148695483737917,0.7935050329995051
2021-01-13,27.141202102521326,-16.385130649160807,0.6205115512886338
2021-01-14,10.658665628313157,-0.10877667748838604,1.1369619954818142
2021-01-15,13.420618889100282,-4.374954889799312,1.4214986055500063
2021-01-16,21.016031084362872,-11.921541130942195,0.680708776087508
2021-01-17,18.021581400093634,-0.8427933209456953,2.3209614741997266
2021-01-18,13.10221407383344,-5.067980274556863,3.150456550013863
2021-01-19,17.326512184770454,-6.982462951120908,1.6196465780514249
2021-01-20,36.47073179387866,-3.4259679074290155,0.35501454510519004
2021-01-21,22.966059815924417,-17.117731600892878,0.6597095291793138
2021-01-22,12.38426480906591,-15.153345974377213,2.0848137397322564
2021-01-23,7.90650790254217,-7.070380119071578,3.609188088526563
2021-01-24,12.903650407288703,-3.670050902014008,2.9563179574755822
2021-01-25,35.760570600590356,-13.212224217466215,0.8224073477585395
2021-01-26,7.521902337191088,-17.323775522088138,4.342910855034936
2021-01-27,1.2501646836389269,-15.324594462646782,3.540050221284801
2021-01-28,16.67448833934714,-6.4549835134667894,1.6943174800771676
2021-01-29,49.150629278920974,-1.9623761993697357,0.8536791517213049
2021-01-30,7.449335626077048,-12.13675561787821,4.929843942282243
2021-01-31,49.31144515683784,-13.69558768969524,0.7021244301019551
2021-02-01,14.387448415369242,-8.273023677635782,1.0250337050447946
2021-02-02,6.8825501806158815,-15.144373011839178,1.7749455407864247
2021-02-03,1.6153700486920386,-1.7896951840654225,1.666537758489656
2021-02-04,4.446763692190631,-6.267270693722761,2.093637749773712
2021-02-05,1.2729907528671203,-6.111127385490347,1.9150152274008083
2021-02-06,46.291726508527866,-17.071815480287285,0.5761378789939465
2021-02-07,2.654628200986442,-12.641610188067258,4.926843904250258
2021-02-08,30.58575865981265,-2.944269610186822,0.8502239481232479
2021-02-09,46.627217159241745,-9.474687021216056,0.412634951010184
2021-02-10,8.28016159893878,-4.178423263099479,3.340286834285849
2021-02-11,34.06659298942827,-16.533587563804247,0.26694903577013085
2021-02-12,25.54640396323999,-9.110631372812414,0.2824840026275975
2021-02-13,35.924510697490284,-12.095332551439244,0.6849765131553534
2021-02-14,18.670223087870834,-10.365629347147545,4.893137194762462
2021-02-15,32.945759934402446,-10.159496098294694,0.31326246944611413
2021-02-16,20.16086405041821,-9.105863419383533,0.8992194238192422
2021-02-17,8.019121643811866,-15.55871176940512,2.0474543755511414
2021-02-18,26.911534672957306,-9.199299465177155,0.7032734875554074
2021-02-19,26.58221726275314,-0.7585544455519546,0.6138096878865356
2021-02-20,6.420424249437323,-11.148708869361975,2.485786085227645
2021-02-21,46.87654447431707,-5.434270440060619,0.506700461884037
2021-02-22,6.255598551853797,-14.216971846471251,3.074668651751967
2021-02-23,49.32305718764318,-14.364880843740508,0.8217867282503212
2021-02-24,4.701581560628537,-4.413448673789379,4.307992328952537
2021-02-25,20.7450961664228,-17.56069296614072,0.6197336595818514
2021-02-26,10.796747264670199,-7.573709091247414,2.0773575545733722
2021-02-27,5.7118729755627315,-2.5131460774732517,4.641792114039831
2021-02-28,37.770854799528166,-13.445168348856125,0.34691793060715026
2021-03-01,19.03954920081368,9.94185387743756,4.187161270868478
2021-03-02,15.038334439055799,1.408932897858385,1.2295433232745538
2021-03-03,17.17524098359697,-0.688457193156097,2.6330186600507584
2021-03-04,19.739362076407943,-1.9141403600905988,3.0063145372176403
2021-03-05,1.1079435102869017,-1.261236361733316,4.8364744830559445
2021-03-06,18.910479088180473,7.881894933744981,1.060340643669044
2021-03-07,2.678801304270906,7.8062617625955095,4.435392722163105
2021-03-08,9.877035092991886,7.870433678786265,4.447675136697983
2021-03-09,15.553409538362322,0.5308593243154043,4.530952020331377
2021-03-10,3.9647663807436517,9.571291998849828,3.0564838983479383
2021-03-11,2.464447334168327,7.52541345503475,4.318316901695878
2021-03-12,0.23080626899849577,0.31142461949067357,1.3934906618242948
2021-03-13,2.6977434873366013,7.412285825030143,4.2044190928482745
2021-03-14,17.539273241744805,-0.6777599220018313,4.203663256882224
2021-03-15,8.63567339532123,4.652216440925422,2.4039749171605624
2021-03-16,18.718193147506646,1.2508380347100445,2.686321653405168
2021-03-17,3.325422518595882,-1.9104203737222125,3.848655961050616
2021-03-18,2.5539103936929175,7.206463670424878,1.8200336860852104
2021-03-19,2.9729679859487823,8.134253967137818,4.527968952832065
2021-03-20,9.946284824289597,7.6183944723430574,2.386403511011527
2021-03-21,1.003951674655763,1.053469468119026,2.504247783477697
2021-03-22,9.77731435613634,4.928257523294658,3.476089083493384
2021-03-23,8.193880794984976,5.696735466387128,2.9516995126532612
2021-03-24,19.18474915044613,0.7192266829036438,1.8911998961500154
2021-03-25,19.09743102083639,4.481705558482361,3.997736360843875
2021-03-26,6.136961251927642,-3.511416771903866,2.0380934464271463
2021-03-27,5.542134966111815,-1.3019113753981988,2.6059434163932305
2021-03-28,9.25281894319464,2.4542350406108957,3.7021226854069114
2021-03-29,8.9390973555005,-2.7471612723224896,3.203902184783666
2021-03-30,3.7406005698378153,7.330200053999128,3.1016519729248033
2021-03-31,14.706357291815195,-4.8592313572147265,2.968677273891611
2021-04-01,8.855798389397425,7.92346397704115,2.1726221376106376
2021-04-02,10.121754915740208,3.529751218457699,4.427760543906911
2021-04-03,5.286159010495705,-0.8405026764942427,4.899358387979974
2021-04-04,4.254932430647866,-2.3439020834868334,3.342741947124913
2021-04-05,0.6774208246890567,-0.04517720198551611,1.4223282904698635
2021-04-06,5.938682722614452,-0.6910237594546285,4.134534378636955
2021-04-07,1.350854575124134,8.638271272395656,3.466794095455741
2021-04-08,17.40260299719771,6.0960341731175465,1.6430384409207828
2021-04-09,1.5031267465404818,-3.7547371959234366,3.2016983416239793
2021-04-10,8.441328666654243,2.2901836644810487,2.8844968719905357
2021-04-11,13.072043055741231,-4.82551067904191,4.105513596610491
2021-04-12,17.16018118398296,-2.7428349995743027,4.61087618779622
2021-04-13,3.3361735622172395,-3.7622828739335152,4.165016209006195
2021-04-14,13.248213303944965,-4.655142247311751,1.2742268609979526
2021-04-15,17.645013094441946,-3.190624455613193,2.265363281313627
2021-04-16,14.999663634685064,0.7991937915573235,3.415549151372014
2021-04-17,15.114631041578415,0.7930890226696805,1.6915565721263666
2021-04-18,8.545763208293389,8.575488249325652,4.440174388914834
2021-04-19,7.299701397853728,-4.907030551018294,4.268883366787848
2021-04-20,12.797964689798158,4.013558773790274,3.215817311469471
2021-04-21,18.553602852465893,2.780142558631063,4.5704843777360376
2021-04-22,8.558044226075785,-2.2084520781352195,3.5796440031589936
2021-04-23,19.339742148785422,2.574573493538005,4.933254469004337
2021-04-24,7.675770697317088,5.218507494347321,3.9838045300524487
2021-04-25,15.191115465938584,-4.329641173676404,2.0039886952126067
2021-04-26,3.5125216006366666,5.003918356930383,3.0872105645979273
2021-04-27,10.774799161653043,-4.968708431404408,3.934014776363481
2021-04-28,11.240377624603418,4.286515358720202,1.5026508568272563
2021-04-29,11.731420425109162,-2.5630990147822685,2.3999478059971646
2021-04-30,12.666407375272794,-0.1892331153397837,4.34308269520756
2021-05-01,0.0,12.235063024172318,15.460511867954303
2021-05-02,0.0,7.5513027102526245,17.641679765515253
2021-05-03,0.0,13.106523969090036,16.266320318186487
2021-05-04,0.0,7.9504983569,15.034219531278245
2021-05-05,0.0,14.47399029438988,5.5719706696013835
2021-05-06,0.0,6.274332071199708,16.216840743288493
2021-05-07,0.0,8.018211338381516,12.118419526969053
2021-05-08,0.0,14.059497406153005,13.817860405722737
2021-05-09,0.0,14.917589613368202,13.110380903053313
2021-05-10,0.0,10.937468500243634,12.879380624880667
2021-05-11,0.0,11.780864365280959,10.032443818782074
2021-05-12,0.0,13.18777160942024,12.31229042526153
2021-05-13,0.0,5.378647129796779,5.8503048488883245
2021-05-14,0.0,6.568046478800474,13.131793173705669
2021-05-15,0.0,6.667230176562763,6.106111975530701
2021-05-16,0.0,14.246092006140996,16.450733074529325
2021-05-17,0.0,8.272463408730367,9.49889052305348
2021-05-18,0.0,11.793270868982749,10.67461585045805
2021-05-19,0.0,11.174475342489867,8.927201802920056
2021-05-20,0.0,6.539627388494479,8.306924928852801
2021-05-21,0.0,14.152854616635791,6.463641489399464
2021-05-22,0.0,6.433337208388501,19.82693562951922
2021-05-23,0.0,8.946721555787313,8.492702812673944
2021-05-24,0.0,5.1644649946789665,15.298402918592751
2021-05-25,0.0,8.348168862807967,19.308143260461488
2021-05-26,0.0,7.961424359659785,10.56042539187332
2021-05-27,0.0,14.012099839280244,11.053643442914794
2021-05-28,0.0,14.851282992312214,15.870681225561833
2021-05-29,0.0,5.235927660708521,11.78943063706738
2021-05-30,0.0,6.9331089537063395,12.085356342965317
2021-05-31,0.0,13.592390633970066,7.577971842347957
2021-06-01,0.0,12.351246869967461,13.569265685304433
2021-06-02,0.0,8.626856649220823,18.18162298273011
2021-06-03,0.0,13.468050156830255,11.994093079119821
2021-06-04,0.0,10.406054780221858,12.258136046295458
2021-06-05,0.0,7.080913281177635,10.844292456423368
2021-06-06,0.0,14.50936431141194,10.20766113582626
2021-06-07,0.0,10.573875213713203,5.53070972838765
2021-06-08,0.0,5.3011748950549915,19.480495625782545
2021-06-09,0.0,7.411510508204557,15.038475894238635
2021-06-10,0.0,14.802123137271849,10.529391871672804
2021-06-11,0.0,7.450695026000301,16.310182937610186
2021-06-12,0.0,13.977328172874683,18.281143628809026
2021-06-13,0.0,14.213728761490488,16.481859856939177
2021-06-14,0.0,10.445413281404472,7.847366413901513
2021-06-15,0.0,6.370730594187729,11.495715583903308
2021-06-16,0.0,8.629056049094832,13.394345546862999
2021-06-17,0.0,5.668344955652135,14.800093461259602
2021-06-18,0.0,7.854508149536197,5.964330180114859
2021-06-19,0.0,11.068298105632408,13.332610193988204
2021-06-20,0.0,7.192283322445114,6.607376164600453
2021-06-21,0.0,9.640509683612127,9.302935208951588
2021-06-22,0.0,9.68997692492652,9.082723208108867
2021-06-23,0.0,11.451474243381163,8.64932750505222
2021-06-24,0.0,9.18508302387783,7.95998689904301
2021-06-25,0.0,9.26947585800212,19.081079794212023
2021-06-26,0.0,13.939359046377849,14.22022190524152
2021-06-27,0.0,5.722047517060618,7.113167883622235
2021-06-28,0.0,11.695341945649503,15.576500934935016
2021-06-29,0.0,13.874023718116003,16.597011366313254
2021-06-30,0.0,5.361033098860978,10.330349911242664
2021-07-01,0.0,12.274185394582746,19.20807334251034
2021-07-02,0.0,14.134332507787338,18.63099470507963
2021-07-03,0.0,16.18364039292073,11.242439173164271
2021-07-04,0.0,24.527391001006755,8.050269612308494
2021-07-05,0.0,22.492102847728063,17.155976615583143
2021-07-06,0.0,18.65072066287839,18.057510674712816
2021-07-07,0.0,21.29808366797213,15.696729350138797
2021-07-08,0.0,16.834518797209086,11.900311443356564
2021-07-09,0.0,15.51925901370823,16.934891031451215
2021-07-10,0.0,22.80331278735793,19.177989191421403
2021-07-11,0.0,13.322241341803426,13.121330208063162
2021-07-12,0.0,18.93661286446763,10.114500943839733
2021-07-13,0.0,21.32767184868346,19.40487642974891
2021-07-14,0.0,14.903835548772815,15.053979760952547
2021-07-15,0.0,13.795704713636312,9.143346891264681
2021-07-16,0.0,10.323250694953602,14.12850068881017
2021-07-17,0.0,17.955837903135933,17.251307794362468
2021-07-18,0.0,12.482948563791453,7.2508420209288555
2021-07-19,0.0,20.30895375344558,12.241540826492972
2021-07-20,0.0,22.96482823605399,15.887334807368186
2021-07-21,0.0,15.63409924700838,18.35892413804762
2021-07-22,0.0,21.61720298348947,15.999090340300095
2021-07-23,0.0,17.82363625178843,5.424383933717908
2021-07-24,0.0,21.822281901037115,5.316693404341124
2021-07-25,0.0,18.47606395049055,16.14101082123107
2021-07-26,0.0,22.643344044385156,8.227275574768203
2021-07-27,0.0,23.25626617769194,7.048078004773076
2021-07-28,0.0,13.748919746469891,7.607612944616439
2021-07-29,0.0,12.498675585234212,16.126865922422667
2021-07-30,0.0,22.1067151338005,19.968011872353102
2021-07-31,0.0,23.37921152607848,7.7721564613854
2021-08-01,0.0,22.601540147933353,8.480445962317454
2021-08-02,0.0,14.615052525527766,19.47639240397529
2021-08-03,0.0,21.57755874081429,6.565656701461387
2021-08-04,0.0,22.842067724467455,10.750323483192224
2021-08-05,0.0,13.287915025268507,14.340578108728444
2021-08-06,0.0,17.793237149898562,17.08995710534343
2021-08-07,0.0,11.303782308468037,18.524974979181476
2021-08-08,0.0,17.657931730671194,10.490570956628405
2021-08-09,0.0,22.79553224241569,17.74292452566457
2021-08-10,0.0,13.336897608099138,14.450204369982998
2021-08-11,0.0,16.870269267648432,7.08324674620582
2021-08-12,0.0,11.403072243898691,11.319453474094805
2021-08-13,0.0,13.742800390829068,19.835302668217672
2021-08-14,0.0,14.206245619790808,10.581216659008088
2021-08-15,0.0,17.30746156080108,6.316716964603625
2021-08-16,0.0,13.08644118695647,19.985655588240313
2021-08-17,0.0,10.66056067818821,17.16654996808945
2021-08-18,0.0,15.828207782184357,15.642017928287068
2021-08-19,0.0,21.535006029731477,7.480719295800883
2021-08-20,0.0,17.22143777775801,16.41116129180979
2021-08-21,0.0,13.727428456280254,7.275628729383675
2021-08-22,0.0,13.477710112227237,11.273716259853899
2021-08-23,0.0,24.8586264367642,13.655471263720464
2021-08-24,0.0,16.25966032431972,16.987673934045276
2021-08-25,0.0,14.827469920304623,8.270779647094315
2021-08-26,0.0,15.600729514199614,9.895580322095991
2021-08-27,0.0,13.01277127828965,8.245600349640846
2021-08-28,0.0,15.833943518308512,11.723591967905104
2021-08-29,0.0,13.437983405615045,6.6281881713866575
2021-08-30,0.0,17.19029026686416,15.886998735641935
2021-08-31,0.0,11.95001621550965,19.268372354751627
2021-09-01,0.0,7.854821903797657,10.705083856515303
2021-09-02,0.0,6.081221445793905,9.069910492406013
2021-09-03,0.0,6.6824165039749674,17.685781315280703
2021-09-04,0.0,7.7565463832307655,15.79340450147765
2021-09-05,0.0,13.546814246375162,18.305910317148516
2021-09-06,0.0,9.641178099802033,5.524390258737891
2021-09-07,0.0,12.757200626863938,11.735321203419645
2021-09-08,0.0,9.899329577632702,19.148568425259803
2021-09-09,0.0,11.265169953729641,18.701270045946266
2021-09-10,0.0,9.066942534692863,9.470384929569498
2021-09-11,0.0,9.67100303722237,18.136606088704013
2021-09-12,0.0,10.174125171381137,7.002059038801409
2021-09-13,0.0,6.559948046326723,18.75505244696111
2021-09-14,0.0,5.282483445468612,6.708784458514347
2021-09-15,0.0,10.264978648303131,16.306216400078956
2021-09-16,0.0,7.752792839628226,9.732036946695265
2021-09-17,0.0,7.047308936702073,13.533973367047828
2021-09-18,0.0,12.88003120387891,12.62861847833183
2021-09-19,0.0,12.624641125203105,8.840978683982199
2021-09-20,0.0,9.540516471239949,7.111924444577725
2021-09-21,0.0,12.14512000049195,13.465823374118091
2021-09-22,0.0,8.117002769646996,13.007429447282808
2021-09-23,0.0,14.250816073785687,16.65660312147167
2021-09-24,0.0,11.731026035943694,7.932497168858134
2021-09-25,0.0,13.534954588009235,12.087307806727898
2021-09-26,0.0,11.067095619989495,5.273582485744929
2021-09-27,0.0,10.272131560103865,18.59573283758943
2021-09-28,0.0,8.87395818825511,13.062636007927509
2021-09-29,0.0,8.414933337538844,10.592326764779656
2021-09-30,0.0,5.235221619043621,14.47263012851013
2021-10-01,0.0,5.157805041656644,13.34980363775867
2021-10-02,0.0,6.381622927544114,18.8517900896216
2021-10-03,0.0,13.40756072560469,12.39858152569758
2021-10-04,0.0,5.581744191067607,9.274030593204724
2021-10-05,0.0,6.027246999207458,15.888334817303198
2021-10-06,0.0,11.91672313684224,7.74702613615891
2021-10-07,0.0,13.908984237854172,17.95637921297577
2021-10-08,0.0,12.783860742506974,5.153328952937413
2021-10-09,0.0,7.159658782653874,18.468024508530586
2021-10-10,0.0,8.631185198919919,13.429159527220019
2021-10-11,0.0,13.373481343338568,14.39635282343699
2021-10-12,0.0,14.433244992741571,13.691768001803782
2021-10-13,0.0,12.275057464310974,12.950993750697705
2021-10-14,0.0,14.526980687499135,6.800658456512176
2021-10-15,0.0,9.483336021237179,6.727619904067083
2021-10-16,0.0,10.527241511762941,7.861926974076869
2021-10-17,0.0,7.993090476133559,19.33497832994995
2021-10-18,0.0,11.013613585420568,18.962479072555446
2021-10-19,0.0,7.638673853137922,11.245942451334205
2021-10-20,0.0,12.007952201885256,5.028592960280807
2021-10-21,0.0,11.94217242672631,6.592087214715564
2021-10-22,0.0,12.049016469114573,18.06009615329711
2021-10-23,0.0,5.753646114072972,13.721599653071362
2021-10-24,0.0,7.7158634402824,10.483259856138137
2021-10-25,0.0,6.792931496188316,5.666572591575522
2021-10-26,0.0,5.845477642359008,17.59587701146924
2021-10-27,0.0,9.418980159508443,10.812832323510815
2021-10-28,0.0,13.264969239326657,18.15656293746709
2021-10-29,0.0,6.103134978679964,5.979349779184481
2021-10-30,0.0,6.952223731598614,17.801071736025346
2021-10-31,0.0,6.061324455323489,15.582645525867989
2021-11-01,12.965583840094677,-2.7884096225076553,1.6961016694509667
2021-11-02,8.763376028290107,-0.2918372316207609,2.9707479383863022
2021-11-03,12.5354177458969,-2.856276834121008,1.8770133281190717
2021-11-04,15.189551486127584,1.9043537710665355,4.623756107604217
2021-11-05,13.230473204756322,7.059669645179124,1.9558843365666245
2021-11-06,9.92685807679343,-1.3487598440447783,4.950918406548476
2021-11-07,8.529047928098638,-1.2525950541752504,3.7820204006015894
2021-11-08,18.066621181468303,-1.3503880939319632,4.974768772321992
2021-11-09,12.484051516051009,9.140525018387141,2.9607770793991257
2021-11-10,0.06400473483336278,7.288419865111269,1.540684729242122
2021-11-11,15.2865985953434,1.468060718338947,1.1829772056647898
2021-11-12,11.11110523496813,3.2198879901072672,4.534908446487184
2021-11-13,19.86055365390155,9.231723551492044,2.5228084384531444
2021-11-14,3.097050092220137,0.8302475012306729,1.0455833670144266
2021-11-15,0.11363739310525922,-3.1281893617904593,2.028978455355477
2021-11-16,10.877720313270382,2.351856811083609,2.0283203897144975
2021-11-17,4.50367613996701,-1.5577178938013665,2.624988120722557
2021-11-18,5.2707690791461514,6.963020809619799,3.9451837922213633
2021-11-19,19.395943150630725,-1.9598490189945257,1.4084017162580955
2021-11-20,3.6180648853957753,-2.5865623501878003,3.4963117078114783
2021-11-21,15.18528213248176,-0.5619895756185294,3.0925866650301046
2021-11-22,11.057334510441521,4.523919140602759,1.1109791063379992
2021-11-23,0.26601711870939404,-1.162806330100822,3.7462149406944816
2021-11-24,1.9898340444889429,-1.1501951566426571,1.2509215692011533
2021-11-25,9.210650723761376,1.8250655194231795,1.7615187530344705
2021-11-26,16.133201053110714,-4.5121709726687,1.9805717354452885
2021-11-27,15.439160116363253,1.9424544046916106,4.189549302812264
2021-11-28,15.405863928685744,4.949406891512956,4.460511077074004
2021-11-29,11.453357253922135,4.33434419558089,1.9570749627913302
2021-11-30,2.1590716052507664,6.191839692384896,4.952821042602878
2021-12-01,19.891644421058157,-11.053540422363373,2.0382418002651694
2021-12-02,39.898143075869,-18.57933313622197,0.5937483924719841
2021-12-03,44.67972592139769,-2.152344266814751,0.3755109471318109
2021-12-04,45.500206236135554,-7.885525075569209,0.29467843281563966
2021-12-05,49.36617001546674,-15.333237835451685,0.5531823121890008
2021-12-06,19.71059716405564,-7.248709783183573,1.9044667764531642
2021-12-07,21.500276490593084,-14.912049038632741,0.683044470384733
2021-12-08,29.639246336652114,-16.59250992731984,0.47418730436999257
2021-12-09,16.04888760965303,-15.69238510227138,4.6475697145139225
2021-12-10,29.82990949776912,-11.83676959222663,0.454283131634854
2021-12-11,17.396402288173725,-12.05347939845985,2.942268633603678
2021-12-12,27.59883910658273,-11.639222344962146,0.507564708746949
2021-12-13,25.149536623217557,-18.04022252434638,0.347291601925801
2021-12-14,11.729721068237614,-3.9613725289620128,1.1742847824243658
2021-12-15,49.222390377814264,-5.3189698857162995,0.7811660027149439
2021-12-16,34.74148634948641,-8.775500570648857,0.54807259106632
2021-12-17,4.5116089571237525,-15.484219602784462,3.2682349256020107
2021-12-18,10.890198782222459,-10.66459053802392,2.7343684300120055
2021-12-19,36.966212410804424,-7.396617147498297,0.8144969687588413
2021-12-20,17.68416761235005,-16.802305984665814,2.8185778538809663
2021-12-21,47.522715969813554,-2.219549341766456,0.8548162339334012
2021-12-22,14.122921040792875,-18.617575439648803,1.1804380758690907
2021-12-23,17.060953097314073,-5.530454936249587,1.2094867749133527
2021-12-24,44.37724980067543,-5.767248575941702,0.6125766241516931
2021-12-25,24.052852013462513,-13.514447500973754,0.2760637116203446
2021-12-26,36.0451884112868,-9.532449272898553,0.4563325421671459
2021-12-27,45.23610282632052,-5.841597247341085,0.149774654846089
2021-12-28,20.860633873150057,-3.386013989796396,0.49060405596640666
2021-12-29,8.015300862537156,-14.898536257113514,4.911012829377659
2021-12-30,6.561390843049647,-11.84066079060685,1.1160529107698944
2021-12-31,16.69318222893877,-3.687094941235692,2.024598059699966
2022-01-01,49.33031683558647,-11.955474814429392,0.5091223516196092
2022-01-02,17.151132325645126,-12.078535305378447,4.047090528848409
2022-01-03,21.86314585030818,-19.718969944321007,0.7315269667762686
2022-01-04,42.508052717409406,-1.1650745521105854,0.5015019183329474
2022-01-05,29.31673470323386,-0.746901539381426,0.244812220309513
2022-01-06,10.339212147816312,-10.949912321586863,2.9505365685015517
2022-01-07,39.307224463169256,-1.9482562857299897,0.1447260361998161
2022-01-08,5.310133709346598,-5.3804776135580425,3.129358117039445
2022-01-09,9.620944428575662,-19.79908244543905,3.1534632021116487
2022-01-10,22.04783146824022,-6.372282537566649,0.49832896661045367
2022-01-11,41.27954053218822,-15.128848709025265,0.4456908074631465
2022-01-12,5.751790231108778,-6.298736208072018,4.503701790510673
2022-01-13,32.81090759275243,-12.924769117171772,0.33598766755937814
2022-01-14,31.8438869458359,-6.343047198314904,0.6239072216361045
2022-01-15,36.709685033285595,-18.94186640376498,0.319983258795047
2022-01-16,23.12593712462265,-17.520908745501142,0.8324311148167653
2022-01-17,35.97501897371544,-6.047844323051008,0.4827627072913533
2022-01-18,20.69642527181449,-18.939673087233764,0.607441253007418
2022-01-19,45.4177825931666,-8.802659554740275,0.8538320192426
2022-01-20,28.191352653339486,-8.260364320065186,0.48746347394414047
2022-01-21,48.799199934985715,-9.277893794764957,0.21259038425743557
2022-01-22,4.775399996022656,-12.503905182623598,4.72108019301252
2022-01-23,24.081509842374295,-0.8676252467758729,0.4301213242858706
2022-01-24,43.35381586212359,-18.40334291033863,0.6233715837205934
2022-01-25,9.434439784596071,-11.959795927866825,3.504299716155702
2022-01-26,34.15951773362847,-17.391480402582296,0.5912504224852353
2022-01-27,34.609201821655866,-12.864358677459883,0.36198628638675345
2022-01-28,6.838811897857178,-2.8720085155431505,4.970771359197899
2022-01-29,39.40227194569602,-13.497036434319794,0.2027360741871623
2022-01-30,12.6710025720153,-0.18604568375132047,2.7970304797966445
2022-01-31,32.408604962219265,-12.712407228335872,0.7962380283137263
2022-02-01,7.854165349549669,-14.20765092736276,3.4237286019412627
2022-02-02,40.113158584807174,-3.849954428733284,0.5742374115402489
2022-02-03,48.370922633509686,-8.949000286401542,0.19153384788248556
2022-02-04,9.395781152464705,-1.394422710226138,2.2768432790327786
2022-02-05,1.4433231698372573,-15.647023580981712,1.506402917119563
2022-02-06,8.119296300721967,-8.931448209969448,1.9984892274920893
2022-02-07,21.23829333198214,-3.890874474744116,0.5498478366227784
2022-02-08,29.519658808774285,-2.740291758391919,0.6874187230422638
2022-02-09,35.753419279871075,-11.52188725180967,0.7456943865591485
2022-02-10,37.53478955654894,-17.17699546588997,0.3859445822683455
2022-02-11,38.980298337162,-16.969822466706237,0.44517929887764063
2022-02-12,37.14794522299007,-9.815394594624369,0.6728387381471682
2022-02-13,35.018925905173084,-12.804547744232394,0.5907106905049738
2022-02-14,9.261922943635813,-16.870347924970567,1.577114991605852
2022-02-15,38.26715273435982,-16.077210472544824,0.2602413561558885
2022-02-16,9.31757824251352,-5.435472941856146,4.245184543831408
2022-02-17,41.65719709562804,-6.66854945605836,0.9444579406494624
2022-02-18,14.367056135733952,-11.45958715540947,4.134924511654789
2022-02-19,42.74716843940923,-5.532129846118146,0.42257699563848883
2022-02-20,44.84879243307918,-9.104134554982553,0.6524155232942764
2022-02-21,38.47887323896542,-9.340439048715645,0.7533289633059106
2022-02-22,7.512939486491072,-11.84571980991183,4.055752798404156
2022-02-23,4.976819265634452,-7.369073565743765,2.851212606306583
2022-02-24,39.69851196231445,-18.83742871859557,0.3200498614219047
2022-02-25,32.36721194481043,-1.5389772538538722,0.41109069597814274
2022-02-26,44.304603997258354,-15.710605948498184,0.3935821174319716
2022-02-27,29.706226820674008,-17.118539320571575,0.5024719272069175
2022-02-28,44.02700214136494,-4.501971181190234,0.46100039663683223
2022-03-01,11.482915168837025,2.5284707667915924,1.3041679326542277
2022-03-02,5.559194873132734,4.324706891771692,2.126510195433177
2022-03-03,19.86164147561768,5.6557477079647,4.539693353359575
2022-03-04,5.261389217150503,2.806959788606796,4.979745676753012
2022-03-05,8.935990544286128,-4.664151953059709,1.9108705645203883
2022-03-06,5.475156417687792,-3.7953431933774877,2.1971000070327262
2022-03-07,11.840025032239083,3.9901025485496042,3.5392404931149386
2022-03-08,7.27310448672668,2.3225352452631762,2.126691076314495
2022-03-09,3.1030481435784263,-2.611532799895153,3.5735621656280165
2022-03-10,1.6639559591501563,4.118131739742582,2.552053151237154
2022-03-11,1.7447559407794055,-3.854765175594897,4.024384945499534
2022-03-12,7.451455007340129,5.043448308279816,4.242322884797115
2022-03-13,15.519691870685957,8.86928323278105,3.38289719460971
2022-03-14,3.1512407245767737,-4.748166049439994,3.365172501491786
2022-03-15,12.820335446286053,2.4929484960516017,2.4120402919222457
2022-03-16,3.976879333735359,-3.25242086345175,1.3742283484177351
2022-03-17,8.987536157618422,3.1975277267959097,3.5437796273860225
2022-03-18,15.317065151134617,7.030330352622567,1.2861154519290636
2022-03-19,6.677528347130948,-3.4494644819321407,2.0760446229471725
2022-03-20,17.610363094669147,-3.4161273939166454,1.9830365436496185
2022-03-21,1.5927315225356242,5.129836137574863,2.1165745593260628
2022-03-22,12.734009143008675,5.881543336847196,1.8290565555509182
2022-03-23,9.271612703581711,1.6461548863494055,2.805053294686487
2022-03-24,3.441985301788293,7.5747396404537835,1.6584945678099752
2022-03-25,10.248630163576287,0.5734831511906977,1.9168123311985177
2022-03-26,9.454528469228451,-3.3572698303652295,2.271145166041573
2022-03-27,5.653537833208158,8.980134061503948,1.7663427295693195
2022-03-28,19.548250821552955,-1.827477717444542,4.817372987669888
2022-03-29,7.198861075678511,-4.499740987968199,1.510054575113272
2022-03-30,14.53559056519953,-4.623051169464066,3.8441117469445825
2022-03-31,12.907844485644631,4.807546409751502,2.2428043605432104
2022-04-01,18.351098340987754,4.5228887927631725,4.950970703648516
2022-04-02,8.80319406267986,5.710417258949914,2.5210071409966495
2022-04-03,19.50145579514914,1.3974205094773122,4.793065587622367
2022-04-04,13.80792473202282,8.403503599866848,3.220498207232504
2022-04-05,9.666859047133924,8.827249493375538,4.7143601720082895
2022-04-06,19.839514764327866,5.675844958553011,4.598728819576067
2022-04-07,4.516775214174487,-1.4714238325813866,4.6525381565224455
2022-04-08,12.772060581246759,3.818220789471173,3.3383283128718944
2022-04-09,12.084765187408479,6.148676181382964,2.5543551147490677
2022-04-10,5.555779297430208,7.172233378295834,1.6411727609233107
2022-04-11,2.925790921380249,9.292462457146858,4.679485829713161
2022-04-12,4.598201453568556,9.18257841119978,1.6577333958122322
2022-04-13,1.1509394187214195,8.417281195193771,4.465777090388636
2022-04-14,16.367111572172416,2.337839985868052,2.507146625077727
2022-04-15,5.400962665184612,5.817434625851925,1.1313022475483563
2022-04-16,5.957542001650502,4.5922759937394595,2.97146103976998
2022-04-17,11.747919432256367,0.29633808521782967,3.7775301777771806
2022-04-18,5.635887248323073,8.357367426434644,2.818356360150942
2022-04-19,4.985465824804813,2.6509243950451946,1.5605969288227142
2022-04-20,8.126537421781235,9.26119820962727,2.9128507161763153
2022-04-21,9.208173580295611,-1.937846571233476,4.222823391547937
2022-04-22,13.027699275468416,1.7231601331789097,1.2902910355233024
2022-04-23,5.423465687708616,0.49639956000047025,2.9592596832563194
2022-04-24,3.692985193957037,-4.836262441601992,1.0987980850271466
2022-04-25,15.55977353555493,6.004856959721847,4.99572540352356
2022-04-26,9.883108160658129,0.8173799330677589,2.145606905597446
2022-04-27,11.044766513436146,5.286539613111687,2.6462063015616786
2022-04-28,8.72842734634834,6.007483539378214,1.2796677786631254
2022-04-29,1.908025536597402,-3.451108721009917,2.5033942981629105
2022-04-30,12.014443660790718,-4.8474941817296,1.5284395399936814
2022-05-01,0.0,9.04084077319661,7.278316471478858
2022-05-02,0.0,9.575152854868904,10.98363107232565
2022-05-03,0.0,11.173174850350348,10.827844737593878
2022-05-04,0.0,13.905850434864856,6.445793324398469
2022-05-05,0.0,9.988451604309514,10.207776250866836
2022-05-06,0.0,7.297120237728532,14.32057771337729
2022-05-07,0.0,13.014412713984274,18.044561834084632
2022-05-08,0.0,14.193285999952304,10.65748448506892
2022-05-09,0.0,9.137376794022519,12.0844592659144
2022-05-10,0.0,11.776938513408476,11.423431639204416
2022-05-11,0.0,5.470127399491379,19.531532176401562
2022-05-12,0.0,6.126969715273419,8.180692371841753
2022-05-13,0.0,9.080980680115863,18.059895203840142
2022-05-14,0.0,11.319217536901991,19.686311308547076
2022-05-15,0.0,13.815528364931067,15.829509908048102
2022-05-16,0.0,12.66115165987856,17.60646095174573
2022-05-17,0.0,5.64364013217298,7.159401973521407
2022-05-18,0.0,14.445875135406341,6.54378435910176
2022-05-19,0.0,11.984571787807253,16.723076382574135
2022-05-20,0.0,6.601543564090924,5.609215169243625
2022-05-21,0.0,10.251053943814217,5.548820108447623
2022-05-22,0.0,10.949715371392202,9.627912997159038
2022-05-23,0.0,13.155577918349607,9.846818197094146
2022-05-24,0.0,13.394841027444267,14.33779129324068
2022-05-25,0.0,7.202437183722447,18.053471372912334
2022-05-26,0.0,11.756076517495124,15.60899494090294
2022-05-27,0.0,12.475507534990522,7.984013055282388
2022-05-28,0.0,5.101952012613657,11.212647573988136
2022-05-29,0.0,6.592012522697628,9.883166931360856
2022-05-30,0.0,7.1163024165316635,16.786153457902266
2022-05-31,0.0,9.263913343573819,14.35948166525668
2022-06-01,0.0,10.86043857447196,18.689723602326563
2022-06-02,0.0,11.93856015655981,12.859074503830563
2022-06-03,0.0,6.113300545746467,10.27307674501164
2022-06-04,0.0,5.4799922769977005,16.48194989043113
2022-06-05,0.0,5.999414374280607,18.047743393179708
2022-06-06,0.0,5.075493031036071,17.023054712346266
2022-06-07,0.0,12.607403380156189,5.69297530826152
2022-06-08,0.0,5.68134048519441,8.826907968876498
2022-06-09,0.0,11.562559115161264,11.42777242468947
2022-06-10,0.0,13.101654981851086,7.7571718279517885
2022-06-11,0.0,13.503842186798744,9.462301179325529
2022-06-12,0.0,5.918210044708978,19.80598534414034
2022-06-13,0.0,8.094866539333335,10.085676804446193
2022-06-14,0.0,10.484742514615686,18.644735125283685
2022-06-15,0.0,12.123810246023028,10.09837209570648
2022-06-16,0.0,8.206289069631378,12.885812713905501
2022-06-17,0.0,6.6264947751239776,12.422093998085444
2022-06-18,0.0,10.726343128707834,12.158299798898145
2022-06-19,0.0,5.924624638893889,15.443533056959646
2022-06-20,0.0,12.284305963066268,15.805295655760057
2022-06-21,0.0,11.10697274049883,14.857601402904589
2022-06-22,0.0,6.770203318953891,13.650259681752114
2022-06-23,0.0,13.229041533013328,19.634238781052336
2022-06-24,0.0,7.59344228710212,11.095979646833143
2022-06-25,0.0,7.483628379753762,8.05314458393004
2022-06-26,0.0,8.522962880043012,13.626663132933857
2022-06-27,0.0,13.88086693979972,12.50203119269383
2022-06-28,0.0,7.305387928528635,14.246496413146222
2022-06-29,0.0,13.734904054383149,16.567385233859987
2022-06-30,0.0,10.127093376453391,9.957779276762414
2022-07-01,0.0,21.50718030521061,11.037163301338978
2022-07-02,0.0,20.365431834427973,8.86812245616822
2022-07-03,0.0,21.8753374919075,12.262007702882137
2022-07-04,0.0,12.066586135863119,5.228338194460489
2022-07-05,0.0,12.703400642590887,9.75131916415556
2022-07-06,0.0,10.30897692756883,16.79378400144162
2022-07-07,0.0,13.892579609315185,19.979372138593575
2022-07-08,0.0,10.742343372380816,13.8789801618149
2022-07-09,0.0,24.148992427222595,5.678402413278032
2022-07-10,0.0,17.40971482117664,16.611113056366303
2022-07-11,0.0,24.376981148295194,15.310543324995285
2022-07-12,0.0,12.061343431819,7.68065203935746
2022-07-13,0.0,16.86721901527162,5.6365344485420135
2022-07-14,0.0,14.381756575336542,15.358256982573254
2022-07-15,0.0,18.3252873731276,11.08241664972282
2022-07-16,0.0,18.50044675632251,19.816150580498483
2022-07-17,0.0,19.546005408348115,18.235597075614486
2022-07-18,0.0,13.200758704555177,7.531873174198182
2022-07-19,0.0,10.69077914218952,12.162868715433465
2022-07-20,0.0,15.039164620098266,7.231444166423708
2022-07-21,0.0,12.99023976024388,5.238506754370172
2022-07-22,0.0,11.746136109031115,17.562809562495325
2022-07-23,0.0,11.770461344784966,18.322750766576775
2022-07-24,0.0,12.25395266077595,11.671065631101321
2022-07-25,0.0,16.43264657701723,10.262431888356307
2022-07-26,0.0,12.504881883879296,5.907794552900868
2022-07-27,0.0,16.852684224036764,19.995585900012536
2022-07-28,0.0,20.04731350407053,13.278815405183595
2022-07-29,0.0,17.442328296307537,7.106310545795675
2022-07-30,0.0,24.676975275779277,12.46064748759726
2022-07-31,0.0,10.464379710642492,19.10869131260125
2022-08-01,0.0,15.545582793149883,5.679643543980947
2022-08-02,0.0,22.808157084093196,12.4303236140914
2022-08-03,0.0,17.213925930675966,8.995944837605656
2022-08-04,0.0,24.692268741530754,9.117749494739206
2022-08-05,0.0,13.986251599515633,5.923386238287085
2022-08-06,0.0,12.824262423479096,14.887965077748518
2022-08-07,0.0,19.721384609637827,18.56814158350703
2022-08-08,0.0,19.59329248114362,8.50709924379311
2022-08-09,0.0,21.30356577635733,8.64740249497909
2022-08-10,0.0,15.38287997391969,12.064668249348676
2022-08-11,0.0,16.173253513866744,17.358879792896687
2022-08-12,0.0,21.786965268223568,18.12354686079998
2022-08-13,0.0,16.090190813754585,13.315632948971487
2022-08-14,0.0,22.34248266993687,18.421507544707268
2022-08-15,0.0,21.070597709107226,18.118711620565584
2022-08-16,0.0,21.0802921221677,8.57538128634431
2022-08-17,0.0,20.721352518887365,9.691920869284163
2022-08-18,0.0,18.93215495845805,14.600554200577438
2022-08-19,0.0,21.82781755496562,9.776133767175786
2022-08-20,0.0,17.523923539787194,19.47267410918267
2022-08-21,0.0,16.064815177311022,13.039379683924887
2022-08-22,0.0,23.80096877599451,17.803957342989783
2022-08-23,0.0,24.16337634352481,10.55668337629929
2022-08-24,0.0,13.347023490181972,7.24855537085938
2022-08-25,0.0,10.438934886880082,6.7881050259941365
2022-08-26,0.0,13.523174212262258,6.6014431403327904
2022-08-27,0.0,21.10372293168759,14.218551552696685
2022-08-28,0.0,12.730573272535171,16.33858475542049
2022-08-29,0.0,14.968060426651174,13.745211332188143
2022-08-30,0.0,21.593192453560356,16.635981383750426
2022-08-31,0.0,13.727008250658864,11.969037031226936
2022-09-01,0.0,12.306306439870092,13.179083888749062
2022-09-02,0.0,12.934083528401207,14.859274778354246
2022-09-03,0.0,8.563647436451182,6.169439386937405
2022-09-04,0.0,12.360570274782635,10.639085595665817
2022-09-05,0.0,5.893703149289489,19.713093037254016
2022-09-06,0.0,5.405827164916177,15.241624046765859
2022-09-07,0.0,5.633801489679211,15.197953786844316
2022-09-08,0.0,13.107100580896432,15.370446330016941
2022-09-09,0.0,13.9066738479423,17.41828410122822
2022-09-10,0.0,14.990881957839813,9.070986055904568
2022-09-11,0.0,14.662557567386198,10.18690789286969
2022-09-12,0.0,6.504729098067631,7.210397754220014
2022-09-13,0.0,14.566420764752259,8.56708505043543
2022-09-14,0.0,13.41228118595356,12.195892512970511
2022-09-15,0.0,5.483594694092886,12.586996519490857
2022-09-16,0.0,6.117345785790707,14.274461016763867
2022-09-17,0.0,5.938146164053171,5.783865002629846
2022-09-18,0.0,8.993672225780507,5.865765189918594
2022-09-19,0.0,6.037839642279648,10.697738021876418
2022-09-20,0.0,9.175630988777373,7.819764655939651
2022-09-21,0.0,10.883198455694844,6.4397683313816305
2022-09-22,0.0,7.367872277099897,9.0885794059818
2022-09-23,0.0,9.338494179752939,17.56035960912714
2022-09-24,0.0,8.216855346046488,11.823311020831715
2022-09-25,0.0,13.038861230422201,7.54050576738048
2022-09-26,0.0,7.389512296827951,11.735728378135477
2022-09-27,0.0,11.702347173910821,7.085315697248474
2022-09-28,0.0,7.21990780168535,6.118385940029317
2022-09-29,0.0,8.53048412631087,6.834995079262818
2022-09-30,0.0,12.316754470818816,18.97430520566672
2022-10-01,0.0,14.877433590415537,7.766620749497886
2022-10-02,0.0,11.048664028201351,13.428884323533957
2022-10-03,0.0,13.342692401206476,5.923153869076895
2022-10-04,0.0,5.638910026021834,13.678136702472358
2022-10-05,0.0,14.200109772346368,6.862405237019427
2022-10-06,0.0,8.960157953040962,10.706143311336335
2022-10-07,0.0,7.540015652489608,5.415637539641796
2022-10-08,0.0,12.375353386529175,16.71127983942788
2022-10-09,0.0,10.511207268193239,13.608105992069838
2022-10-10,0.0,11.956020025255825,17.753551853239614
2022-10-11,0.0,12.457872733390325,11.28917289145779
2022-10-12,0.0,9.919575527850036,14.47689695131537
2022-10-13,0.0,11.138402595651947,5.272257000193223
2022-10-14,0.0,12.99647113925671,16.90614350167354
2022-10-15,0.0,8.028400325112992,18.371161626045417
2022-10-16,0.0,13.136157709836885,19.898677832787445
2022-10-17,0.0,7.085323134769226,15.848603420994463
2022-10-18,0.0,6.497403051947353,11.923933079959347
2022-10-19,0.0,13.404062230362666,13.537679076005706
2022-10-20,0.0,5.898906702040222,5.989678034803166
2022-10-21,0.0,10.257022493259011,13.484623138450898
2022-10-22,0.0,6.656951050174965,14.07990997246292
2022-10-23,0.0,7.602769144241473,11.229128436457087
2022-10-24,0.0,7.606339665986538,17.088632571910047
2022-10-25,0.0,7.352790943394359,16.632139705997567
2022-10-26,0.0,8.226960826470634,17.99634193789799
2022-10-27,0.0,13.071729420852588,12.626517579019474
2022-10-28,0.0,9.18967796559518,7.596685224225258
2022-10-29,0.0,14.948731142399657,14.68653131701262
2022-10-30,0.0,9.431067488817295,17.635759124655973
2022-10-31,0.0,12.031041611310426,10.904266215682073
2022-11-01,1.188730633187589,-4.285321949520234,1.4637703007396148
2022-11-02,12.02197452756463,-4.094783486603425,1.7641981561616267
2022-11-03,7.064213080039794,2.4157619308342113,3.8570309803142337
2022-11-04,15.84553526178822,8.11605335549805,4.504318226141242
2022-11-05,11.569704200060354,2.7247599024348386,3.619138909123968
2022-11-06,8.058825737389249,7.25916542866341,2.1724684888852126
2022-11-07,4.488936702746013,-4.021590794674637,4.427306093222801
2022-11-08,10.755651291014658,3.830721386550831,4.789268751646304
2022-11-09,0.21473776593504912,7.0165015958732795,4.48849455719372
2022-11-10,16.169336407746947,4.451647912107953,4.237644613161823
2022-11-11,16.567687680041317,5.1312415531320585,3.3585552379292047
2022-11-12,7.164123955399678,-4.558525825351146,3.5296875734995443
2022-11-13,18.197713434686705,8.289139761892146,1.514460435723573
2022-11-14,0.2469043987065711,-1.6140871158749768,2.681610714416958
2022-11-15,0.23576089631793584,4.515359376756756,4.035859556527004
2022-11-16,17.393323260531144,8.963170244061002,2.000849662992354
2022-11-17,18.343884729231966,6.839960667158255,3.16053721293069
2022-11-18,9.971142595178277,0.033267828502051344,1.0890612921131964
2022-11-19,6.224240754592339,7.333176773744894,1.153864483512205
2022-11-20,2.935858652328691,6.377447624330751,3.4381094413835127
2022-11-21,14.187117067784673,7.937319843056063,2.1080621955029373
2022-11-22,14.24530447082355,5.43495469677268,2.479330523963721
2022-11-23,10.98161615022616,6.958890664625526,2.992060509991358
2022-11-24,5.505702793838867,-0.9192927232755723,3.8872222214376806
2022-11-25,15.26925186103335,-0.15526451795798657,2.8553377914810705
2022-11-26,19.36120925851839,3.3952493818995464,1.1083965107887583
2022-11-27,18.238092753968463,6.546895660555812,1.6354448225133589
2022-11-28,6.478898617235775,8.656826815613634,3.440275300519454
2022-11-29,8.904848146289998,-2.506293261235482,2.4993322702574567
2022-11-30,13.767807871141365,6.39864362056829,3.046978023469859
2022-12-01,29.706377128320643,-17.316899288000418,0.5175892458490569
2022-12-02,22.313317445472343,-1.1948979837543448,0.6118099280822359
2022-12-03,21.85940672929929,-10.95860136502412,0.7008813026085104
2022-12-04,26.541845416075088,-19.95904917651768,0.7997894806750147
2022-12-05,17.827625921500083,-15.304369153406407,1.5134895948303981
2022-12-06,40.76338279653653,-16.43453350564871,0.4065150180519358
2022-12-07,40.841786613661185,-17.50975392000779,0.7379277908877891
2022-12-08,46.183239892500914,-10.015391449947241,0.1580840854850277
2022-12-09,14.035900713755844,-9.995171115132253,2.1569131946774016
2022-12-10,34.99626810569143,-1.9563193946980384,0.42890329834195895
2022-12-11,45.07158652060606,-4.930972852495085,0.10139629017746521
2022-12-12,21.447556363816066,-17.947337079879414,0.5809701172504985
2022-12-13,3.359827845651947,-5.8592050282854675,2.8299936401602652
2022-12-14,30.18326198426508,-16.11378228718179,0.18858198402473558
2022-12-15,36.20828566053132,-14.410110965791842,0.7863728117651374
2022-12-16,24.513308330441802,-17.302306473258707,0.8130378879261897
2022-12-17,26.322548940895647,-8.56031135276339,0.5566021057873887
2022-12-18,25.64893194877985,-11.212556816442286,0.22353253164863465
2022-12-19,42.18000931879671,-17.879976469712602,0.12915802315204797
2022-12-20,29.86262706860398,-9.566901134460927,0.6801083461070215
2022-12-21,46.665379299182305,-6.52493800594163,0.9211984155331435
2022-12-22,7.667515371851241,-18.354305758219372,4.0846821638476465
2022-12-23,29.191336596550705,-16.429573386549926,0.7049137886162091
2022-12-24,34.509521331341695,-5.694269600072614,0.7333809358732618
2022-12-25,28.904778973452068,-0.042228551756284816,0.8716337761217772
2022-12-26,34.93489000488734,-10.716750465853922,0.7544207236953557
2022-12-27,32.465000331123086,-12.607891082049353,0.34793201029259047
2022-12-28,26.96598246666656,-16.0902325497699,0.9698478183633223
2022-12-29,4.732022529410651,-13.390890519158809,3.9971326345194735
2022-12-30,10.399562252597145,-4.812158002781537,2.596067065414367
2022-12-31,13.239807543432292,-19.866096830531998,3.4088357069333814
2023-01-01,28.227624856076396,-6.043483734696945,0.8183987304618671
2023-01-02,35.68965440963853,-12.32128092539206,0.6737938996844368
2023-01-03,49.983395728520456,-1.7148162779979934,0.20916632689172054
2023-01-04,14.589401391669243,-3.093006364418855,4.335943431424334
2023-01-05,34.98464293962961,-11.369756180157093,0.7881366207424233
2023-01-06,41.82477617847772,-9.259421182873005,0.3824918143819309
2023-01-07,45.29136122822986,-19.959592433708966,0.2102410386688901
2023-01-08,42.96602045337609,-3.405598491139582,0.7442169679064519
2023-01-09,13.788476801556898,-9.642716639892742,2.2508274457646
2023-01-10,21.855044625857296,-7.350899541384363,0.3305436858723283
2023-01-11,2.336860173593802,-15.956214610021956,3.425769072408598
2023-01-12,16.29767235632304,-16.516110612459432,2.5053869702942557
2023-01-13,25.124751432355087,-6.4960638615546955,0.17452999649061118
2023-01-14,19.41868503082122,-9.331947539923442,4.112716233931689
2023-01-15,6.721120369798333,-18.922403755606673,4.71782748037853
2023-01-16,13.346601095938915,-12.154230448863476,4.817527559945056
2023-01-17,37.82364182644729,-15.275031963815133,0.99862456440945
2023-01-18,46.20750911512892,-1.0750375674999972,0.6894935664458672
2023-01-19,4.500478394730322,-4.351697367930182,3.5222008062239283
2023-01-20,42.797482220514524,-5.040633992960386,0.9309083893150031
2023-01-21,39.79995882003186,-7.60071959907904,0.9434634955145719
2023-01-22,13.091040769123662,-17.967348027612445,3.8076784739749194
2023-01-23,12.830641177716656,-16.84727273946362,4.413817568123635
2023-01-24,11.636674188511476,-13.57685922117433,1.63105245619558
2023-01-25,26.695358669668835,-0.15354914210370652,0.7631190748820602
2023-01-26,6.190190183001726,-4.120413958671886,1.038861822824996
2023-01-27,41.42317157000834,-14.813704350991792,0.6927538623853207
2023-01-28,42.50103378545312,-2.519285578862579,0.6518292273536527
2023-01-29,22.08292294784287,-4.08406739841255,0.7894159600183008
2023-01-30,40.90791731855789,-8.701893657259198,0.32592823487315203
2023-01-31,31.42720562500969,-18.555684594275668,0.38780501132341927
2023-02-01,35.834891536045475,-4.375196937934264,0.4081395231387819
2023-02-02,27.93413705888736,-4.913637581198543,0.4668251703148857
2023-02-03,43.75964696793685,-17.149837648127374,0.5392682049052361
2023-02-04,49.7213766305802,-3.9515301626677974,0.7287999484448532
2023-02-05,9.297064946216233,-9.060251512163447,4.520805412288144
2023-02-06,18.107515989316443,-19.2536273961815,2.3022359550630966
2023-02-07,1.4970468960681271,-12.807401569159524,1.3495464043121292
2023-02-08,33.50926885283086,-18.9238006739144,0.21085137168219703
2023-02-09,13.064533226138469,-11.993319688425498,4.232973992596259
2023-02-10,4.729253553176388,-12.224529818962234,1.0285952258961446
2023-02-11,30.09882225847138,-10.893561967354268,0.1578412648746029
2023-02-12,6.944982039634468,-19.433053441488077,4.526068063496513
2023-02-13,34.118184147606755,-19.149777909391826,0.9664918006188029
2023-02-14,49.95943847516065,-7.885387238599627,0.591727451646904
2023-02-15,43.543878546764155,-17.453198650457978,0.7693879558478923
2023-02-16,22.503586946083754,-11.162296674459299,0.6084247108497702
2023-02-17,15.14740463748504,-15.152432755460449,3.980026046079541
2023-02-18,33.90345762893558,-0.22851768972368092,0.14662526946924354
2023-02-19,0.08050159375276866,-3.480326519319142,2.1703649157317497
2023-02-20,40.01192598335038,-10.667756157595713,0.7202968929914401
2023-02-21,23.32177017611755,-15.300245355889908,0.5663185456490903
2023-02-22,3.0294007801610903,-8.174549192477173,2.0643030158644238
2023-02-23,3.122388306212426,-5.753299613650473,2.51932166611523
2023-02-24,7.983080105691903,-2.0065424669432943,1.1560940486342353
2023-02-25,1.148166269918327,-18.431961523186363,4.14814642065163
2023-02-26,49.44193979495352,-4.232883253090558,0.3394398119711532
2023-02-27,15.259286846776188,-5.779052859691667,2.7278572883400223
2023-02-28,36.921192315741955,-18.56553891447546,0.5065494313042702
2023-03-01,19.279383025807537,-0.10212689336466951,3.0762670102873493
2023-03-02,8.957478043696671,-2.7382298989690748,2.0031540562493344
2023-03-03,18.584469366665605,-4.055141568253438,2.465586627549123
2023-03-04,12.599703199177908,6.938305183460326,1.7455888762110021
2023-03-05,5.911202459965692,4.418545309883836,3.269160883937122
2023-03-06,17.4267629278356,-0.8655998413741157,2.550713043531118
2023-03-07,13.392771970623516,9.272391068393148,3.1134964593331387
2023-03-08,12.101812493918171,7.6113727899323855,2.1268023850417115
2023-03-09,6.5756804977241305,0.3625447347413937,3.0855092934220996
2023-03-10,6.821367777876719,0.5935258626802771,1.075973762220971
2023-03-11,0.5155919037844425,5.7380861230733835,3.4964122220235287
2023-03-12,11.602875544588265,3.250397997061679,4.390500049246862
2023-03-13,15.595753281198839,6.270099534630525,4.692322490984178
2023-03-14,3.6540450603939933,-4.576057941812165,3.2906918040704793
2023-03-15,13.042545657300927,2.7668260843130703,1.1595006558767347
2023-03-16,18.85074960220654,6.038819637261998,1.655852492593605
2023-03-17,10.599756397391989,6.0635431431493565,2.891386344354066
2023-03-18,13.565200118790994,8.591711312691261,4.278756281892792
2023-03-19,0.5637827176073507,1.6497668556677052,3.3111361610788874
2023-03-20,5.672835939679448,6.38155535651058,1.3424663083218147
2023-03-21,5.407730366100387,-4.86691816378507,2.902027540004085
2023-03-22,1.2681494253378034,8.63479794952526,4.0722181815196095
2023-03-23,1.818308563656661,-4.867118211811173,3.3820222692203115
2023-03-24,9.995074673753258,2.7181342767756975,4.2537637699048885
2023-03-25,12.489394498840454,2.498298524337315,1.3090314635241627
2023-03-26,10.333665610736503,5.073811938737043,2.9008280628716863
2023-03-27,0.8893089619286587,-1.927266982938396,3.1476951812902456
2023-03-28,15.098111525433985,5.5824999771944945,4.485827714329309
2023-03-29,3.4463261885969643,5.061717326197956,1.558888538016356
2023-03-30,7.872185328978201,-1.8097810459286876,3.808233253434904
2023-03-31,17.312479272395457,7.091811522382603,1.020767477309494
2023-04-01,13.849887026666451,-2.7897490150356936,3.1258728459383507
2023-04-02,8.468372612251214,6.358632720931611,1.776798200201604
2023-04-03,3.052481786957426,-3.433640016566094,4.2719607190542535
2023-04-04,9.573923820524495,1.7748775796964793,3.8034081168141873
2023-04-05,11.607532590236257,8.640532769999915,4.38699550615253
2023-04-06,16.62337170116351,0.05101269406473907,1.6673682266218837
2023-04-07,9.244844981389145,-1.8965060904653592,3.332247340852707
2023-04-08,7.5879043382511995,8.8302328648011,1.841321752626948
2023-04-09,6.220012073365593,4.1717897164349225,2.633442124399768
2023-04-10,5.1254743188304825,9.320753467747146,2.9187331596068242
2023-04-11,2.8838516635330946,7.04579571178755,2.3746807278295927
2023-04-12,17.388268972516727,4.404113170513101,3.8895547898078915
2023-04-13,4.127519611300238,-1.5367049473519927,2.975154577060163
2023-04-14,8.16685161479511,5.0501964821424785,1.8139253037242766
2023-04-15,15.352986654760807,-1.7557649621934184,3.2558290032802213
2023-04-16,19.690012546276645,-1.9047293348180454,1.8893815003362682
2023-04-17,10.119905756793566,2.6737256143512287,4.2346578067513825
2023-04-18,14.13097659989436,9.711051217083279,4.989155370886724
2023-04-19,4.172908848393977,-2.6877627319867963,2.983744164865511
2023-04-20,11.740724959896207,-3.469609899374003,2.056543538036996
2023-04-21,10.399337769919974,9.33543042037992,2.55910593794725
2023-04-22,9.775061712244304,6.73323751452228,3.8961205505854446
2023-04-23,18.492359068391448,1.264395806637168,1.0680698316222519
2023-04-24,11.377697240757517,6.280404335866111,2.5875680214404597
2023-04-25,6.198933699366087,-3.3403510434030474,1.6443195572109182
2023-04-26,6.651476172794306,8.132282695469337,4.728274219994991
2023-04-27,2.0204367947706947,-2.618111422353353,3.548946292221616
2023-04-28,7.629347454361133,2.6479186177293617,2.2953343317654675
2023-04-29,19.034152991695876,9.083499299983503,4.029412755429224
2023-04-30,17.83578732230239,9.205908291438167,2.8000154368892
2023-05-01,0.0,13.376754042312491,9.017201358840575
2023-05-02,0.0,6.05663959637851,8.976775680101166
2023-05-03,0.0,9.819876093818511,14.633683286853149
2023-05-04,0.0,7.266942341000831,18.826495603668917
2023-05-05,0.0,7.3870010087259885,11.400141212867632
2023-05-06,0.0,11.572878621352086,13.54605574645082
2023-05-07,0.0,13.637921804728377,18.677599637692268
2023-05-08,0.0,8.50002755006536,7.585983793894629
2023-05-09,0.0,10.788456999268798,8.266251137689245
2023-05-10,0.0,13.141843057584927,10.273265460335711
2023-05-11,0.0,6.6398606098813335,14.105116713101715
2023-05-12,0.0,6.619992251678024,6.1544710913862
2023-05-13,0.0,10.872267653336221,6.228142978729997
2023-05-14,0.0,11.847923491192402,13.20630452286467
2023-05-15,0.0,14.48874810473783,19.856860276089293
2023-05-16,0.0,14.748146954351277,11.812982437122532
2023-05-17,0.0,11.187214814706909,19.31691267552337
2023-05-18,0.0,8.395432562435822,18.800267601131498
2023-05-19,0.0,8.133538528928328,18.583929765671897
2023-05-20,0.0,8.150755173868802,17.543297981730497
2023-05-21,0.0,10.548850229389975,16.546013657485346
2023-05-22,0.0,7.748572210299004,12.88248588325596
2023-05-23,0.0,9.270193080477139,19.694479143244372
2023-05-24,0.0,11.9202284879417,8.170080321014641
2023-05-25,0.0,13.850541572299235,9.094691103996702
2023-05-26,0.0,8.744183449031862,10.837376652833203
2023-05-27,0.0,13.219348310852277,5.115765567018446
2023-05-28,0.0,7.273235048511926,15.732709254259147
2023-05-29,0.0,12.625603922439428,13.56086701400703
2023-05-30,0.0,13.55120604893968,13.828084405352524
2023-05-31,0.0,6.926552368918893,8.277662616721377
2023-06-01,0.0,6.573623244726229,9.523664103836921
2023-06-02,0.0,6.549456658417638,13.837862858587137
2023-06-03,0.0,8.29175181604377,15.934914239172025
2023-06-04,0.0,8.47567541461293,19.1274075055616
2023-06-05,0.0,8.900593408212755,14.874486967886572
2023-06-06,0.0,7.036001814685847,14.4423899467802
2023-06-07,0.0,14.013910717450196,9.112962109764752
2023-06-08,0.0,13.247742343679539,16.714601383782995
2023-06-09,0.0,5.966698026555139,17.501296594525954
2023-06-10,0.0,10.302919837869217,13.800181416714356
2023-06-11,0.0,12.02027299875278,18.8084657266741
2023-06-12,0.0,12.504459797839052,10.811241489279105
2023-06-13,0.0,9.953187967300927,5.5737024402060635
2023-06-14,0.0,9.29761950805339,19.727124409629383
2023-06-15,0.0,11.789382223218759,13.32291950684444
2023-06-16,0.0,13.059711889380313,6.734590037187242
2023-06-17,0.0,12.755124078767022,10.16949133504836
2023-06-18,0.0,14.593864373175109,19.117725469781583
2023-06-19,0.0,10.497631692716132,14.85343609184825
2023-06-20,0.0,6.864912052778393,18.213996915350442
2023-06-21,0.0,13.811587566939718,8.471965223361117
2023-06-22,0.0,8.55960582727791,18.95913553927066
2023-06-23,0.0,9.071628927271199,9.353416868599936
2023-06-24,0.0,14.616764929575428,9.079512094000037
2023-06-25,0.0,6.340265554906405,16.121519008986073
2023-06-26,0.0,7.987191223797688,10.702256947533774
2023-06-27,0.0,5.341882763814717,16.76652806087843
2023-06-28,0.0,10.091653507754675,12.318060776346714
2023-06-29,0.0,14.84458902766364,17.58438248869833
2023-06-30,0.0,9.517945131275596,14.31294627566024
2023-07-01,0.0,12.193927270525101,9.546789010365046
2023-07-02,0.0,16.66815486126827,9.599221933199928
2023-07-03,0.0,20.844762402432174,8.330886477227375
2023-07-04,0.0,23.061162241483686,9.035891836150466
2023-07-05,0.0,21.704421796988033,12.506922729486137
2023-07-06,0.0,18.603634485549627,19.14857967108655
2023-07-07,0.0,10.825202922659404,10.012306415979602
2023-07-08,0.0,21.728201486060307,11.101754409347068
2023-07-09,0.0,21.890574459795992,17.19430420366269
2023-07-10,0.0,24.64477959840633,17.21456853690888
2023-07-11,0.0,12.021053122639657,8.789837181402453
2023-07-12,0.0,17.008899903107647,19.179757469725054
2023-07-13,0.0,17.421948844749643,15.915853876825352
2023-07-14,0.0,13.709163154960347,11.124986738097249
2023-07-15,0.0,18.182887921316556,9.481310626357438
2023-07-16,0.0,16.629460564602727,19.773388378574744
2023-07-17,0.0,19.615606013470995,7.692430251022303
2023-07-18,0.0,22.376139929808286,8.310436383886074
2023-07-19,0.0,14.942745306005556,5.667437278156568
2023-07-20,0.0,13.398425895378391,8.113122124593453
2023-07-21,0.0,24.13135984805976,19.91265358824752
2023-07-22,0.0,15.757338072848732,7.218717919496257
2023-07-23,0.0,15.567501802820916,15.324147891912705
2023-07-24,0.0,14.71246330699421,18.95603179252791
2023-07-25,0.0,14.69743506479583,10.573719193773695
2023-07-26,0.0,14.313662696246391,14.699578392080806
2023-07-27,0.0,20.532174751523982,13.500422213517385
2023-07-28,0.0,15.520988396689624,9.703449179720877
2023-07-29,0.0,23.986577411613332,12.744971076748019
2023-07-30,0.0,21.433033655982882,13.2429061852596
2023-07-31,0.0,23.299687109428824,11.517032074512315
2023-08-01,0.0,13.515619345599056,12.574831665393736
2023-08-02,0.0,18.806229312901706,9.903668282739872
2023-08-03,0.0,13.749970559215184,14.140193782420802
2023-08-04,0.0,12.916175667446094,18.65334564860953
2023-08-05,0.0,23.176464838108693,10.845138854832665
2023-08-06,0.0,12.438846071996721,8.955150019413676
2023-08-07,0.0,14.941506147241894,16.746871949963477
2023-08-08,0.0,19.461809768998158,9.46649601969612
2023-08-09,0.0,15.108679151077208,12.496895130605127
2023-08-10,0.0,21.805836860502524,9.541658868276421
2023-08-11,0.0,11.309498901148245,19.20610034238354
2023-08-12,0.0,14.914825579584683,8.798241984434883
2023-08-13,0.0,13.624364166380321,12.737609312760917
2023-08-14,0.0,15.538734437277451,6.028841274108912
2023-08-15,0.0,13.133265738080866,19.738327157631446
2023-08-16,0.0,13.876207561759587,12.99269911785197
2023-08-17,0.0,19.59020282447613,17.18889990975076
2023-08-18,0.0,21.71204206319586,7.664946459024479
2023-08-19,0.0,24.95549000966718,13.164153203742199
2023-08-20,0.0,18.716565636138775,18.74171415598309
2023-08-21,0.0,15.336929638908423,16.562910867218882
2023-08-22,0.0,23.948241895006547,9.75786505972014
2023-08-23,0.0,13.617462235324766,9.814592152451675
2023-08-24,0.0,24.078514584540017,14.675920347460131
2023-08-25,0.0,19.12043902484632,8.346897855483233
2023-08-26,0.0,18.03890721216591,5.184111235075966
2023-08-27,0.0,24.482321213374952,16.448938169730255
2023-08-28,0.0,13.174907106622735,10.329175971902634
2023-08-29,0.0,17.552210469137982,8.407365503343831
2023-08-30,0.0,17.171802311500706,13.049340392877069
2023-08-31,0.0,22.056505908758716,6.494934760246647
2023-09-01,0.0,9.056455419892004,13.50817447133188
2023-09-02,0.0,11.53811861877905,13.19287589818592
2023-09-03,0.0,5.9831334883526,18.99864873199565
2023-09-04,0.0,6.766682695353541,15.060924715599242
2023-09-05,0.0,9.756329635605098,6.4416685913896
2023-09-06,0.0,10.073368365344368,12.01217855210231
2023-09-07,0.0,13.533757746438019,6.262701198622292
2023-09-08,0.0,6.176921300049287,19.009977168988172
2023-09-09,0.0,10.419923180405299,10.717820734279844
2023-09-10,0.0,14.705152065187242,11.473131808576815
2023-09-11,0.0,10.240822093850504,10.796064819898021
2023-09-12,0.0,11.211633988616928,15.010640097240204
2023-09-13,0.0,8.477974764054839,15.213799268362518
2023-09-14,0.0,14.214675910270033,19.94783878625148
2023-09-15,0.0,5.813387796071096,17.853122862293134
2023-09-16,0.0,14.063026038384717,8.839170211964449
2023-09-17,0.0,7.543037960318419,15.802624681885058
2023-09-18,0.0,11.695846166904937,13.61818109678795
2023-09-19,0.0,12.779190477906589,12.238536365418458
2023-09-20,0.0,7.822734819686903,19.04294917769308
2023-09-21,0.0,6.971557172571515,15.2930576899418
2023-09-22,0.0,11.937804046139238,5.041434926592809
2023-09-23,0.0,7.383124305855847,11.815222927729545
2023-09-24,0.0,13.471800482784948,15.267413961661754
2023-09-25,0.0,6.134191326107629,16.788368268740044
2023-09-26,0.0,8.840578104207946,13.098823795031713
2023-09-27,0.0,10.929843178721372,11.759126221082049
2023-09-28,0.0,9.88973914736271,13.018266493887864
2023-09-29,0.0,14.173888125073052,11.48892418197631
2023-09-30,0.0,11.387664364902436,12.356144086234904
2023-10-01,0.0,10.813254185214133,11.269811372549636
2023-10-02,0.0,5.7713402246121674,12.598092159879162
2023-10-03,0.0,5.260761245426444,7.195663551922943
2023-10-04,0.0,14.888979111007231,7.161630221869349
2023-10-05,0.0,12.515665241155604,7.348709346013582
2023-10-06,0.0,8.860489865399206,14.215552697227576
2023-10-07,0.0,11.787249756159095,13.905750199630077
2023-10-08,0.0,13.094142959331343,18.843025925194947
2023-10-09,0.0,12.624835816779196,12.083842244997978
2023-10-10,0.0,8.231407936760972,12.652857418077893
2023-10-11,0.0,7.575837250824926,13.774917201801767
2023-10-12,0.0,12.24621101902684,15.012560938440773
2023-10-13,0.0,9.768639049025493,8.215232274744622
2023-10-14,0.0,10.130345888818542,8.535903545106653
2023-10-15,0.0,10.801677720396025,14.745209146932403
2023-10-16,0.0,11.877018032165429,10.503957098545609
2023-10-17,0.0,10.39723346355839,14.690102473322417
2023-10-18,0.0,10.735908237688355,6.344575627764121
2023-10-19,0.0,13.869168333303199,11.952578426000617
2023-10-20,0.0,10.736240845245,8.849366083450722
2023-10-21,0.0,12.909419055323319,15.17586339111587
2023-10-22,0.0,11.664995115276486,17.797290072574143
2023-10-23,0.0,11.969335358930467,8.819578075565904
2023-10-24,0.0,12.484975999051299,13.043125602544917
2023-10-25,0.0,7.169673265340624,7.570840220729332
2023-10-26,0.0,5.634000385286529,18.501997684177123
2023-10-27,0.0,10.498066676028415,17.59671355914877
2023-10-28,0.0,10.534200474646346,18.86587590980841
2023-10-29,0.0,5.455878370940192,13.784034764461545
2023-10-30,0.0,7.289928826362956,15.76833664128141
2023-10-31,0.0,5.649257816680281,19.922403223865125
2023-11-01,5.877538532053331,6.948073454710304,4.3889640505460115
2023-11-02,1.743359731386247,0.16306800535186028,3.7169787675160477
2023-11-03,3.8639609868869074,-3.4965012040917736,1.2947141220837057
2023-11-04,3.988105568558289,5.664754557371168,1.417078480066185
2023-11-05,16.627532744458176,1.622428064080201,4.599736383582724
2023-11-06,4.398255670570599,-3.4824827401102763,2.1623881426543785
2023-11-07,1.1136820902415812,8.625886034493375,4.080867463532812
2023-11-08,0.36967788436674365,3.1620024092735584,4.5656004485861414
2023-11-09,15.896475608912034,-3.7782061754656766,3.901564325719013
2023-11-10,4.4059740878307885,-1.5991632824127655,3.169472319716163
2023-11-11,6.139468715786387,-1.9473643751040708,2.606669627615471
2023-11-12,15.159209494022516,4.507495719307302,1.22398915624415
2023-11-13,15.080570629322947,5.138658486710256,4.520734747585379
2023-11-14,9.018467965995123,-2.1106785267413586,3.95793114463697
2023-11-15,15.809872751301064,8.781926239734938,2.0473681684466944
2023-11-16,3.749505443348986,3.1189904754384123,3.1390883507635654
2023-11-17,18.79573742140539,5.764605242584677,3.2383687574034683
2023-11-18,17.59917706760003,1.4886235309624478,2.92764530200663
2023-11-19,11.36720449907533,4.2617841979811395,3.2635281910065106
2023-11-20,9.16109776850403,3.810789673119549,4.206016328452117
2023-11-21,14.183322330480694,-3.157476591372395,3.0719750871631994
2023-11-22,19.25118768125144,1.8528241389723679,4.128881275887924
2023-11-23,1.657314639229568,2.0698177654448413,4.618713289268507
2023-11-24,5.410771038660725,4.256718443946074,4.1094277104253925
2023-11-25,5.102434035652608,1.113769127989407,4.5655098426588
2023-11-26,14.512366969245726,-4.506455723311397,3.739870208469543
2023-11-27,2.9959079605235917,-4.6597217491814416,2.1320354961609302
2023-11-28,5.8705977897246475,6.075399118555586,3.3215458259745456
2023-11-29,10.048778461495896,7.948614269499085,4.656414883699997
2023-11-30,1.127971107844432,-4.320841230118756,1.1586136716743467
2023-12-01,49.839959359925814,-3.589548409218988,0.2740573486062772
2023-12-02,31.526080762044973,-12.602224146670862,0.5079215101296114
2023-12-03,9.66975673735449,-18.688925974520373,1.2930101145139759
2023-12-04,36.932810217588205,-8.197344180960329,0.6058185306534547
2023-12-05,25.11370799550356,-13.737942208816277,0.18443208756913232
2023-12-06,22.400467163303894,-8.226399779713807,0.11338184087462837
2023-12-07,14.347843187088987,-4.873109991999831,2.0726245187212435
2023-12-08,44.2506242322479,-15.450240069654884,0.9380791412633743
2023-12-09,44.384764664177005,-8.949916247467296,0.8828932725140725
2023-12-10,48.61054373259201,-11.705386502992233,0.9003945367023725
2023-12-11,5.653539188648532,-3.949047967798368,4.17697943749952
2023-12-12,12.306646175746582,-6.737240560519728,3.0125802046178958
2023-12-13,21.23366596394377,-15.69980429080162,0.3534229735188531
2023-12-14,3.974709712308627,-19.686866872920334,4.748407998145279
2023-12-15,9.844694627826522,-4.24608264643947,3.0108978962955097
2023-12-16,19.480360570492483,-9.379680629288758,1.036796418034767
2023-12-17,40.904945800008335,-0.17333961049650526,0.42538446802326246
2023-12-18,21.122315731762964,-9.081078028378542,0.943449509095294
2023-12-19,43.361113653456776,-4.368248195985245,0.42348467197999173
2023-12-20,42.21540173815255,-2.6565710560715843,0.5340328283191061
2023-12-21,16.371652583158813,-12.685972015116027,2.8559599560147197
2023-12-22,36.77401621984002,-18.74398785393752,0.941662607681287
2023-12-23,0.19245428898557182,-5.251527982556093,4.975999345609658
2023-12-24,32.308156676120724,-0.22183754898494001,0.45459845096482443
2023-12-25,9.628604706235356,-13.968218557668363,4.449633686281777
2023-12-26,30.335957643505505,-13.212108636377915,0.12489241105516902
2023-12-27,44.79871080917104,-15.137676673474976,0.33297340405375164
2023-12-28,12.133658807861803,-16.10918952323744,3.1867413583713633
2023-12-29,16.477619173643284,-1.253880449785079,1.3594140048877579
2023-12-30,5.206427165309724,-13.443791393378019,2.0529650274547993
2023-12-31,25.41207828846267,-10.998852287506153,0.5620321254377588
2024-01-01,41.10053570949497,-8.888853633943816,0.5051441252069079
2024-01-02,41.697428152186866,-8.752126055552116,0.6736963843363725
2024-01-03,10.140970976641295,-17.830098724990954,1.5294206300657636
2024-01-04,34.47531270451273,-1.491624976115073,0.44688582950395384
2024-01-05,12.15926493114689,-9.719033834415274,4.507332518971294
2024-01-06,36.31631295211676,-1.9191484325249384,0.9491950006714943
2024-01-07,12.47624119359676,-11.278735683522854,4.908168545292942
2024-01-08,33.88069510813364,-11.076769381121016,0.8580609211518558
2024-01-09,18.285540355955625,-18.327075360619055,1.0282122325033218
2024-01-10,8.113409540077027,-14.982927110161981,3.7294948315942267
2024-01-11,46.22819741570696,-8.292748366595916,0.8251652965817708
2024-01-12,38.91047022834268,-5.766658233735448,0.29719790946081115
2024-01-13,21.03951148835565,-19.11412048306194,0.7852088692153759
2024-01-14,49.555851902402296,-10.692722612204156,0.2645839035390326
2024-01-15,44.641590729592856,-0.3744656213841644,0.8765712754439381
2024-01-16,45.45160665051541,-11.046552570456116,0.17921036360647496
2024-01-17,24.0033680510781,-6.082423232195936,0.6166053381518874
2024-01-18,20.393327977483764,-6.344728660513372,0.38239038721539786
2024-01-19,12.896393574287973,-7.362644713066089,3.1341817238911345
2024-01-20,20.523424764505382,-9.21433408505292,0.3519055541470657
2024-01-21,0.09499427646247893,-15.845825628172133,4.5547696386090415
2024-01-22,49.555805386004934,-17.980574891552283,0.8579134899456269
2024-01-23,25.588506836299825,-13.17069762301366,0.37010965428722886
2024-01-24,26.179643266327158,-18.007531883936664,0.8095841298292855
2024-01-25,10.996690561518369,-11.939278309834378,3.431306603362545
2024-01-26,13.273059869702731,-8.446459802759891,1.2032650982540827
2024-01-27,9.009281888713334,-5.89344656406203,2.3119467092418975
2024-01-28,25.572612378401345,-16.99033890588151,0.2527776755255117
2024-01-29,48.029965219422834,-3.3964777946675397,0.7490198504265932
2024-01-30,29.41333014910178,-15.19642582106695,0.6282195598878481
2024-01-31,34.55287987599838,-9.828693058835835,0.16609726789459597
2024-02-01,16.110105989602236,-19.47769498845554,4.260010882708473
2024-02-02,37.917926638350174,-6.759176235595703,0.1558978078469925
2024-02-03,1.4982267012562667,-7.580220856640299,3.6426099793356994
2024-02-04,47.6569392301502,-18.319965193221467,0.4878753115607186
2024-02-05,10.318367962286063,-2.977022850622408,1.7431618057895086
2024-02-06,1.21810412565303,-15.645607708256522,2.0889003520793388
2024-02-07,45.41265628814845,-5.783685011392389,0.3522608279114934
2024-02-08,16.80418739922882,-17.597966172184986,4.7705302833678775
2024-02-09,28.927877444642586,-0.3262992277007477,0.42911571213681077
2024-02-10,26.847485426496803,-15.28767219706366,0.16835328561682444
2024-02-11,12.959498352146536,-4.528746961124151,4.963135099010337
2024-02-12,28.983154547827805,-18.77153524316438,0.30533441016018237
2024-02-13,18.376581880750948,-12.976346912588902,1.7954789139471665
2024-02-14,29.288745272250637,-12.232522089508546,0.8466558314690177
2024-02-15,12.146345726029583,-1.0491194656701026,3.1236905685758396
2024-02-16,2.6511215754952024,-3.566950741762355,4.022139866998362
2024-02-17,4.71536011118141,-3.401345706221047,2.2364478452168575
2024-02-18,10.851300685605086,-12.787171446164036,3.4212306802202237
2024-02-19,20.747162817140747,-19.128285094739798,0.5879012657917901
2024-02-20,29.687606453213476,-14.949622111709122,0.9134444841304783
2024-02-21,22.819920108342966,-6.688363313917375,0.1705129375116835
2024-02-22,16.82754595971378,-11.869344166426202,2.6081450244649087
2024-02-23,10.138246371696425,-12.710480716735944,1.8519318430628169
2024-02-24,17.12244285546469,-14.909495183686786,1.3167381589625289
2024-02-25,45.09715644373573,-18.180876747504843,0.4174688635138398
2024-02-26,42.354870392615965,-18.315292541939108,0.9117803148547092
2024-02-27,12.45322751391954,-1.4899511545039381,2.5945608459857272
2024-02-28,33.59853278055289,-16.245790726118013,0.9375575139014243
2024-02-29,31.500913026513267,-3.6394023067004646,0.6050510021326666
2024-03-01,17.950409396693416,-0.32532517224517754,2.205411903771168
2024-03-02,18.300319803167337,-0.07264147205984361,1.2358129996642018
2024-03-03,19.6610873625468,2.186778762955843,4.03823649793203
2024-03-04,7.944603076371697,5.547914661614479,2.333754808451909
2024-03-05,10.72336563634023,8.72251971750308,3.5922912847734567
2024-03-06,7.231847837928904,-1.850597421460419,3.7537782221028673
2024-03-07,3.956875492425831,4.276626676510798,4.077619332694252
2024-03-08,16.552462861001512,5.30243317947869,4.220608904866171
2024-03-09,14.541693329472572,2.981552233375936,3.6866762177075936
2024-03-10,15.098737354749744,2.4487591149220362,1.8986901005479555
2024-03-11,4.637799165633247,4.114321639344464,1.79732667900184
2024-03-12,17.292246052071288,3.5089484313328576,1.8365646664380417
2024-03-13,17.149459405580906,2.6158368727355343,3.619464855282055
2024-03-14,15.161547339152811,-2.1397667780434313,2.2107937862669065
2024-03-15,19.271746251682472,8.037098924510085,4.754254062912839
2024-03-16,12.669745901894302,5.486367893928167,2.8529189967770088
2024-03-17,16.128390864544993,2.359471559974053,2.2671429933466967
2024-03-18,11.389706587070078,2.0221526887454546,2.676096614335856
2024-03-19,10.748858781288885,7.820235700325856,2.7536624022164053
2024-03-20,2.690013474422619,3.5715537270968962,4.442762106937916
2024-03-21,19.001759978990787,4.794262983071855,1.8525195440998417
2024-03-22,13.738017907996703,-2.8293446459823173,4.986190308412755
2024-03-23,0.6905930993724163,-2.742904840690352,1.9645302689114073
2024-03-24,10.688058172544503,2.1202765534953,1.1792279794483753
2024-03-25,17.656505119008173,6.33140208103919,2.9062005928952495
2024-03-26,8.52247537715138,-1.2207596430894134,4.872046919895281
2024-03-27,13.459574451162805,2.59217933943145,4.330237539574746
2024-03-28,2.1574188402519434,-2.5534866512280536,1.8852789347476588
2024-03-29,19.678835929336643,5.6467865447999,3.7232072971032357
2024-03-30,17.924096862703223,-3.3904900986140496,3.3158280332274175
2024-03-31,3.2335236477715723,-0.6974116617894923,2.7358233883644467
2024-04-01,15.313289174635516,4.337183808169806,3.646937080434805
2024-04-02,18.07107749078892,-2.067702260926492,2.3906841255778084
2024-04-03,16.522964539443528,6.663049788566816,4.766248489514932
2024-04-04,12.265574448370488,-4.487351853509915,4.418595474426508
2024-04-05,7.109032457900259,1.4149668369664585,4.8078224840612265
2024-04-06,12.8467148981951,3.162970618141843,3.360330058736176
2024-04-07,1.009077854712317,6.4554149351665835,1.9878440349284778
2024-04-08,12.282257005907521,7.870744936512949,3.8737480405685925
2024-04-09,4.600141065207373,-4.759368418442725,1.7980069380050496
2024-04-10,3.59518667074308,4.175726848634419,4.952915841082367
2024-04-11,0.6104948872137261,-0.7965897060563014,2.7505229570282843
2024-04-12,11.94594440583849,-2.405933563516563,3.612600726195331
2024-04-13,17.095087128418086,3.1110053840712784,1.5669931302987172
2024-04-14,8.132652079003645,4.017296881751042,1.6152713857132404
2024-04-15,9.978720751169114,2.172767388982429,4.536130251520994
2024-04-16,4.199367013754114,6.2392499853617505,3.050866130314602
2024-04-17,15.071372310052002,7.401470716719571,2.968820186917036
2024-04-18,3.1488742741586506,7.017579662670528,2.199267141627142
2024-04-19,13.753977473578018,7.700595723138058,3.9459903691126947
2024-04-20,16.527603453603852,7.474170699149651,1.7727480902758987
2024-04-21,14.329795184940565,8.349419646143026,1.0340361928907464
2024-04-22,5.17756803052065,5.744768486018318,1.3339672433472352
2024-04-23,16.29905714899244,-3.0276340493179683,4.492717578121592
2024-04-24,17.70592043364694,-3.900500766632402,2.7911313067027783
2024-04-25,6.528532324013954,-3.5746710110551123,3.236022953899723
2024-04-26,14.129609473235538,4.845706989365407,3.360945626614506
2024-04-27,19.041508859615668,5.924788657380329,4.086326110731627
2024-04-28,8.43538004933193,1.673358455471873,4.270411504639231
2024-04-29,1.4560353778140311,1.424431125115361,3.62607061184978
2024-04-30,1.1863717683269925,0.41795308485354,4.222932781878656
2024-05-01,0.0,10.345296504031156,19.01094051180995
2024-05-02,0.0,8.831122231128232,5.873859307215899
2024-05-03,0.0,13.835357374506263,6.866336984038606
2024-05-04,0.0,14.258870347721532,12.91545253650123
2024-05-05,0.0,11.084270672191522,14.439554380121734
2024-05-06,0.0,8.278406090970716,13.270908998445716
2024-05-07,0.0,7.7365498041857075,8.432441322286245
2024-05-08,0.0,10.050797872181906,6.784305281718043
2024-05-09,0.0,7.670671310038144,5.828669618270008
2024-05-10,0.0,5.592124561983358,18.420628012022924
2024-05-11,0.0,14.9970329196074,12.48806336150076
2024-05-12,0.0,5.3012565642215375,5.412399110075516
2024-05-13,0.0,5.486329597721495,11.712769460343736
2024-05-14,0.0,13.613223291921377,11.64721782416451
2024-05-15,0.0,9.56543160338475,5.10430454436477
2024-05-16,0.0,11.862153972410875,7.254344125742495
2024-05-17,0.0,11.469310968809125,17.01481116023407
2024-05-18,0.0,9.521577440297502,8.205749098526798
2024-05-19,0.0,13.372955143719368,18.475433947340967
2024-05-20,0.0,14.963895494548098,18.248372107171015
2024-05-21,0.0,11.86274115586706,9.169259795504448
2024-05-22,0.0,14.767805892322743,17.79776865027798
2024-05-23,0.0,12.640591884931482,5.03958078256875
2024-05-24,0.0,11.694374282097844,16.891208857703326
2024-05-25,0.0,11.69378294361065,14.566072029329892
2024-05-26,0.0,10.93709764767169,17.45204262862549
2024-05-27,0.0,12.365899206948313,5.211472851189846
2024-05-28,0.0,6.508976509696183,5.95859400181058
2024-05-29,0.0,8.331165867304989,15.58772922842239
2024-05-30,0.0,7.48438349389143,19.31610080222351
2024-05-31,0.0,14.665859729375688,12.690729002943755
2024-06-01,0.0,8.170064650532701,17.99648142625069
2024-06-02,0.0,8.751070360684029,14.340207873256734
2024-06-03,0.0,13.327686237900991,18.987408087287847
2024-06-04,0.0,11.473395040327533,10.419327050817305
2024-06-05,0.0,9.873886135314343,13.9791434770458
2024-06-06,0.0,8.702428287983826,8.556640749722856
2024-06-07,0.0,13.156964064875128,6.5323117348963144
2024-06-08,0.0,6.027727841303896,13.969441995381533
2024-06-09,0.0,8.798589039926544,8.506693927680997
2024-06-10,0.0,7.2562903747560625,12.082536506076417
2024-06-11,0.0,8.453067186214373,11.827988168951304
2024-06-12,0.0,13.692450498237438,10.434521907857057
2024-06-13,0.0,5.302278841073527,5.910509028421308
2024-06-14,0.0,14.359875490495915,11.361795012969717
2024-06-15,0.0,5.157800399327791,6.130206365635008
2024-06-16,0.0,9.068778663885436,10.500439279794113
2024-06-17,0.0,14.732704917571208,12.344635649994204
2024-06-18,0.0,6.323563994047889,6.388913514885182
2024-06-19,0.0,14.444367081293276,9.914157257163286
2024-06-20,0.0,8.108741358482376,9.212405915436074
2024-06-21,0.0,14.503232456773828,18.662505281816287
2024-06-22,0.0,11.008977952733598,8.088055629180117
2024-06-23,0.0,14.660514429907979,5.30812448550295
2024-06-24,0.0,10.553531448447195,11.093207227338459
2024-06-25,0.0,6.747593853772772,18.560996754632733
2024-06-26,0.0,12.894759313755504,16.16312307760073
2024-06-27,0.0,6.2298401601523965,13.366193135878303
2024-06-28,0.0,6.022201822056176,10.364624838401902
2024-06-29,0.0,6.4631730513768595,7.111495825617363
2024-06-30,0.0,6.984185784332909,13.15639916689031
2024-07-01,0.0,10.927467291454569,13.62641965728988
2024-07-02,0.0,10.709305362316039,7.5490206762310015
2024-07-03,0.0,17.387552425850593,14.393721439497078
2024-07-04,0.0,13.39673696256993,13.281632698829267
2024-07-05,0.0,17.715194315879693,7.872654388953044
2024-07-06,0.0,16.021215477370056,5.6522226888682034
2024-07-07,0.0,14.370115591252292,9.09211149307999
2024-07-08,0.0,18.97103033586681,7.662071469278191
2024-07-09,0.0,18.070611764158496,18.113365036143115
2024-07-10,0.0,15.407777913322338,7.225791327777903
2024-07-11,0.0,18.65548185102408,15.007190574646758
2024-07-12,0.0,11.14114327295171,13.394702453664866
2024-07-13,0.0,16.967161196508023,18.07274014048785
2024-07-14,0.0,22.419790978593433,18.79571153480172
2024-07-15,0.0,16.147869615465098,5.186292030548273
2024-07-16,0.0,16.90242804335243,19.791627802711655
2024-07-17,0.0,13.584419128876107,10.934935517214448
2024-07-18,0.0,11.101007562950008,5.805057999720881
2024-07-19,0.0,14.819825787167428,15.92634002229236
2024-07-20,0.0,23.24290391616027,17.680964021516616
2024-07-21,0.0,17.587366959768158,11.20801879769336
2024-07-22,0.0,19.844453059913096,12.78840558566015
2024-07-23,0.0,21.182635282379962,13.440958932219683
2024-07-24,0.0,12.283786865695287,16.801347885799835
2024-07-25,0.0,17.096116315760167,11.29905494830708
2024-07-26,0.0,13.508157032146315,16.497581926655794
2024-07-27,0.0,17.578127707602853,6.284227778476942
2024-07-28,0.0,13.000239408522427,14.571333790601978
2024-07-29,0.0,19.58740383084624,5.57787956651901
2024-07-30,0.0,18.60414226922689,10.679193613417173
2024-07-31,0.0,17.56418478830978,16.61819025229021
2024-08-01,0.0,18.32454645073864,18.936174031980748
2024-08-02,0.0,10.955716853634941,7.897190014825009
2024-08-03,0.0,16.18581083228815,19.45049789427857
2024-08-04,0.0,11.933723560075766,5.630876938921075
2024-08-05,0.0,12.56416036639438,7.572428517117017
2024-08-06,0.0,13.9400742797172,19.435183147034223
2024-08-07,0.0,13.630357053071098,18.679139248818995
2024-08-08,0.0,15.734072577672574,18.412746654334114
2024-08-09,0.0,14.926449056840994,17.625752337025403
2024-08-10,0.0,20.858122518672978,7.603582842369265
2024-08-11,0.0,15.224173348444086,15.168152782407017
2024-08-12,0.0,17.322689242201932,19.438479913343915
2024-08-13,0.0,20.318082471436497,8.66754739466667
2024-08-14,0.0,14.102731591410368,12.955814675030435
2024-08-15,0.0,12.680000951887251,12.033728649455718
2024-08-16,0.0,22.18076051053493,6.9598867202897035
2024-08-17,0.0,20.713303567998004,5.227932515558355
2024-08-18,0.0,20.042571176814736,5.2520824230086385
2024-08-19,0.0,21.949169708538726,5.568192731175151
2024-08-20,0.0,21.534363893603285,8.431834753744758
2024-08-21,0.0,18.632681942452287,12.314039271019801
2024-08-22,0.0,22.003849904367733,17.26320598971568
2024-08-23,0.0,13.493072444298914,19.89536991041922
2024-08-24,0.0,22.757881447524127,8.81213706753017
2024-08-25,0.0,18.728762504758905,6.619741581387954
2024-08-26,0.0,13.75278522398122,8.50714731054618
2024-08-27,0.0,19.05271165654082,11.6859918049141
2024-08-28,0.0,11.822817887899635,16.344632883799232
2024-08-29,0.0,19.34492487930406,19.321199642565915
2024-08-30,0.0,12.715460861185392,16.387339340027438
2024-08-31,0.0,23.20502191170282,13.414112138825281
2024-09-01,0.0,7.296534108045484,11.470621268178455
2024-09-02,0.0,7.658341746515724,9.54818833330934
2024-09-03,0.0,10.127067993547556,9.996447728809759
2024-09-04,0.0,11.096897887168772,18.671200373499587
2024-09-05,0.0,9.79636254804011,17.16956764687129
2024-09-06,0.0,14.3259370825097,13.059116309031245
2024-09-07,0.0,13.441489822014963,17.207700510334078
2024-09-08,0.0,10.744953047630316,14.450115763814932
2024-09-09,0.0,5.502183738891349,8.577816518983465
2024-09-10,0.0,10.8864660206964,12.076752610828873
2024-09-11,0.0,5.045485325716954,6.303372862698197
2024-09-12,0.0,8.623245673523598,13.556143904137535
2024-09-13,0.0,9.228002437862328,5.927782479619449
2024-09-14,0.0,13.57071065614525,5.429901922204258
2024-09-15,0.0,14.323444498693075,19.802882728139615
2024-09-16,0.0,11.612792902693087,5.252513718754323
2024-09-17,0.0,7.827611982803827,14.904192376724332
2024-09-18,0.0,12.685791986768152,8.633487706193144
2024-09-19,0.0,8.025783961277181,5.898853184483558
2024-09-20,0.0,5.857561381591351,18.08761358445706
2024-09-21,0.0,11.196326481359689,9.53205674467641
2024-09-22,0.0,11.127845297996648,12.420316592400617
2024-09-23,0.0,9.187777102313824,15.627819554097124
2024-09-24,0.0,11.273692574035609,10.340458061496232
2024-09-25,0.0,11.83319531412867,5.474551111461633
2024-09-26,0.0,11.468681249520497,13.473853771007697
2024-09-27,0.0,13.016720308410235,5.346069933653567
2024-09-28,0.0,14.748192988161243,10.086589789784156
2024-09-29,0.0,14.552385004484421,13.107193637543332
2024-09-30,0.0,14.78791627508652,15.43856922838057
2024-10-01,0.0,12.0093355914989,5.306734143887482
2024-10-02,0.0,6.059095717031367,18.41865246290407
2024-10-03,0.0,10.723208011312856,11.710603009569887
2024-10-04,0.0,10.22388802093441,10.399100789299855
2024-10-05,0.0,6.026413194342677,9.134813253109034
2024-10-06,0.0,9.387030315588907,13.108965238332328
2024-10-07,0.0,11.550219288343495,10.09598678218866
2024-10-08,0.0,14.315166268949477,14.314016214370218
2024-10-09,0.0,11.947570326745764,12.629056953987455
2024-10-10,0.0,8.628018096995998,9.427632088822195
2024-10-11,0.0,7.477991166107384,15.378717144116555
2024-10-12,0.0,5.94995852672856,14.582351107817695
2024-10-13,0.0,5.061364610391472,7.103670803959792
2024-10-14,0.0,14.487798540614696,14.83384711260828
2024-10-15,0.0,12.206713366709822,7.4903972863829225
2024-10-16,0.0,7.275856555845834,15.876061716062967
2024-10-17,0.0,13.281265312233556,14.919192705528905
2024-10-18,0.0,8.885638651553208,11.990638203218886
2024-10-19,0.0,13.496082532347211,5.426062317354845
2024-10-20,0.0,6.416138959109362,13.8520339633797
2024-10-21,0.0,7.048721384752809,9.738988893003445
2024-10-22,0.0,5.188175342927525,10.956608720818863
2024-10-23,0.0,6.819925404387962,9.664002220126598
2024-10-24,0.0,12.729184053558688,17.531779293051343
2024-10-25,0.0,10.146418718813802,17.446819852430966
2024-10-26,0.0,10.346130025983863,11.197366146273472
2024-10-27,0.0,14.79433827305346,11.797323269668144
2024-10-28,0.0,14.647429278202162,18.853088164500285
2024-10-29,0.0,6.979915974042611,19.48953972276493
2024-10-30,0.0,11.343570378685586,11.38991613803011
2024-10-31,0.0,12.68993570337808,8.300842474086227
2024-11-01,6.840899817523612,4.132078395388696,4.955957274055373
